OBJECTID_1,OBJECTID,PROGNO,TYPE,CONTAMINAN,CAPDESCRIP,SHORTDESCR,SHAPE_LENG,DOCUMENTS,REGISTRY,SITENAME,PHONENUMBE,EMAIL,Shape__Area,Shape__Length
27,1,915141B,Installed,MGP Tar,"A 1,600-foot section of Scajaquada Creek was capped with a composite cap consisting of a geo-synthetic clay liner, 18 inches of sand, geotextile and 6 inches of stone.",Engineered Cap,1019.7487083,https://extapps.dec.ny.gov/data/DecDocs/915141B/,https://appfactory.dec.ny.gov/DERExternalSearch/ERDDetails?SiteCode=915141B,NFG - Iroquois Gas/Westwood Pharm. Riparian,518-402-9764,derweb@dec.ny.gov,11532.2633056641,1019.74870830354
28,2,915012,Installed,PAHs | Metals | VOCs,"Cap Description – Geotextile base layer, layer of sand, surface layer of shot rock and riprap. Total thickness is 2-14 ft.",Engineered Cap,409.71493969,https://extapps.dec.ny.gov/data/DecDocs/915012/,https://appfactory.dec.ny.gov/DERExternalSearch/ERDDetails?SiteCode=915012,Buffalo Color Area ""D"",518-402-9764,derweb@dec.ny.gov,4341.13287353516,409.714939687131
29,3,360051,Installed,PCBs,"Multiple layers of geosynthetic clay liner, covered by stone/ gravel, activated carbon and soil. An additional aggregate layer provides scour protection. A 2-foot thick “bulk clay” was placed around the sediment cap edge and along the bulkhead.",Engineered Cap,200.08211887,https://extapps.dec.ny.gov/data/DecDocs/360051/,https://appfactory.dec.ny.gov/DERExternalSearch/ERDDetails?SiteCode=360051,BICC Cables,518-402-9764,derweb@dec.ny.gov,2133.35766601563,200.082118862734
30,4,633021,Installed,MGP Tar,"organoclay mat overlain by a 12-inch thickness of sand overlain by an 18-inch thickness of a mix of cobble, gravel, sand and silt",Engineered Cap,1228.59583445,https://extapps.dec.ny.gov/data/DecDocs/633021/,https://appfactory.dec.ny.gov/DERExternalSearch/ERDDetails?SiteCode=633021,NM - Utica Harbor Point MGP,518-402-9764,derweb@dec.ny.gov,60370.9072265625,1228.59583444616
31,5,V00159,Installed,lead | copper | cadmium | zinc,Medium Sand,Cover,2447.65880423,https://extapps.dec.ny.gov/data/DecDocs/V00159/,https://appfactory.dec.ny.gov/DERExternalSearch/ERDDetails?SiteCode=V00159,Nassau Metals,518-402-9764,derweb@dec.ny.gov,18722.0822753906,2447.65880423655
32,8,442027,Installed,"chlorobenzene | lead | benzene | 1,2-dichlorobenzene | 1,3-dichlorobenzene | 1,4-dichlorobenzene | arsenic | cadmium | chromium | copper | mercury | zinc",Cap consists of a 6 inch or 12 inch erosion protection layer and an 18 or 24 inch restoration cover and habitat layer.,Engineered Cap,1065.34403402,https://extapps.dec.ny.gov/data/DecDocs/442027/,https://appfactory.dec.ny.gov/DERExternalSearch/ERDDetails?SiteCode=442027,BASF - Manufacturing Plant,518-402-9764,derweb@dec.ny.gov,29932.9873046875,1065.3440340249
33,9,734030,Installed,mercury | chlorinated benzenes | BTEX | PAHs | PCBs | chlorinated dioxins and furans,Placement of an isolation cap (up to three ft thick) over approximately 420 acres of shallow water areas (less than 30 ft depth) and thin layer cap (less than 1 ft) over approximately 60 acres of deep-water areas (greater than 30 ft depth).,Engineered Cap,17238.6047545,https://extapps.dec.ny.gov/data/DecDocs/734030/,https://appfactory.dec.ny.gov/DERExternalSearch/ERDDetails?SiteCode=734030,Onondaga Lake Mercury Sediments,518-402-9764,derweb@dec.ny.gov,1911357.67272949,17238.6047544688
34,17,546031,Installed,PCBs,"Caps consist of a minimum 9 inch isolation layer of granular materials with a total organic content of at least 2% overlain by a 6 inch armor layer of coarse gravel or large-size cobles, based on proximity to the navigation channel and flow velocity.",Engineered Cap,46258.9115416,https://extapps.dec.ny.gov/data/DecDocs/546031/,https://appfactory.dec.ny.gov/DERExternalSearch/ERDDetails?SiteCode=546031,Hudson River PCB Sediments,518-402-9764,derweb@dec.ny.gov,436623.851074219,46258.9024097858
35,252,152033,Uncapped,cadmium | chromium,Uncapped,Uncapped,2893.46186223,https://extapps.dec.ny.gov/data/DecDocs/152033/,https://appfactory.dec.ny.gov/DERExternalSearch/ERDDetails?SiteCode=152033,"Dzus Fastener Co., Inc.",518-402-9764,derweb@dec.ny.gov,67098.6540527344,2893.46186221826
36,254,828177,Installed,Silver | Cadmium | Zinc,"12 inch sand isolation layer, 12 inch gravel erosion control and habitat layer",Engineered Cap,2149.45429214,https://extapps.dec.ny.gov/data/DecDocs/828177/,https://appfactory.dec.ny.gov/DERExternalSearch/ERDDetails?SiteCode=828177,Eastman Kodak Co.- Eastman Business Park,518-402-9764,derweb@dec.ny.gov,23613.6359863281,2149.4542921428
37,259,862009,Installed,MGP Tar,2 feet of cover,Cover,601.60039194,https://extapps.dec.ny.gov/data/DecDocs/862009/,https://appfactory.dec.ny.gov/DERExternalSearch/ERDDetails?SiteCode=862009,NYSEG - Penn Yan Water St. MGP,518-402-9764,derweb@dec.ny.gov,5979.31713867188,601.600391938246
38,260,336041,Uncapped,Munitions,uncapped,Uncapped,18497.2093342,https://extapps.dec.ny.gov/data/DecDocs/336041/,https://appfactory.dec.ny.gov/DERExternalSearch/ERDDetails?SiteCode=336041,West Point Military Reservation,518-402-9764,derweb@dec.ny.gov,5396314.45581055,18497.209334209
39,262,C241078A,Installed,PCBs,Clean sand and gravel,Cover,307.94936607,https://extapps.dec.ny.gov/data/DecDocs/C241078A/,https://appfactory.dec.ny.gov/DERExternalSearch/ERDDetails?SiteCode=C241078A,OFF-SITE Flushing Industrial Park (West) Parcel 2,518-402-9764,derweb@dec.ny.gov,1994.59155273438,307.949366059246
40,263,510007,Uncapped,MGP Tar,Uncapped,Uncapped,1964.29660458,https://extapps.dec.ny.gov/data/DecDocs/510007/,https://appfactory.dec.ny.gov/DERExternalSearch/ERDDetails?SiteCode=510007,NYSEG - Plattsburg Saranac St. MGP,518-402-9764,derweb@dec.ny.gov,188446.40625,1964.29660457976
41,264,V00524,Installed,"Methylene Chloride, Acetone","18-inch Light Stone cover, tapered as it approaches the navigation channel.",Cover,171.45340491,https://extapps.dec.ny.gov/data/DecDocs/V00524/,https://appfactory.dec.ny.gov/DERExternalSearch/ERDDetails?SiteCode=V00524,CSXT - Rochester NY,518-402-9764,derweb@dec.ny.gov,1821.80358886719,171.453404912821
42,265,224026,Installed,MGP Tar,"geotextile fabric, stone/gravel, sand, and organic material.",Engineered Cap,1540.03510507,https://extapps.dec.ny.gov/data/DecDocs/224026/,https://appfactory.dec.ny.gov/DERExternalSearch/ERDDetails?SiteCode=224026,K - Former Brooklyn Borough Gas Works,518-402-9764,derweb@dec.ny.gov,29535.087890625,1540.03510507446
43,267,429008,Proposed,MGP Tar,Uncapped,Uncapped,946.35607218,https://extapps.dec.ny.gov/data/DecDocs/429008/,https://appfactory.dec.ny.gov/DERExternalSearch/ERDDetails?SiteCode=429008,NM-Amsterdam MGP River Link Park,518-402-9764,derweb@dec.ny.gov,16705.8525390625,946.356072176603
44,268,360166,Installed,MGP Tar,An engineered cap will be placed over sediment dredging areas where visual indications of NAPL will remain at depth. The cap material will consist of a mixture of sand and organoclay,Engineered Cap,358.18355614,https://extapps.dec.ny.gov/data/DecDocs/360166/,https://appfactory.dec.ny.gov/DERExternalSearch/ERDDetails?SiteCode=360166,CE-Pemart Ave-Peekskill MGP,518-402-9764,derweb@dec.ny.gov,2045.44750976563,358.183556146833
45,269,C734116,Installed,"SVOCs, Metals",3 foot cover,Cover,1250.54495252,https://extapps.dec.ny.gov/data/DecDocs/C734116/,https://appfactory.dec.ny.gov/DERExternalSearch/ERDDetails?SiteCode=C734116,Mathews Avenue Site,518-402-9764,derweb@dec.ny.gov,11567.0341796875,1250.54495252514
46,270,C907048,Installed,Chlorinated Solvents,Clean Stone,Cover,26.25851666,https://extapps.dec.ny.gov/data/DecDocs/C907048/,https://appfactory.dec.ny.gov/DERExternalSearch/ERDDetails?SiteCode=C907048,Weber-Knapp Company,518-402-9764,derweb@dec.ny.gov,43.0860595703125,26.2585166650789
47,271,C915230,Installed,"benzene, chlorobenzenes and aniline",Cover,Cover,136.21458143,https://extapps.dec.ny.gov/data/DecDocs/C915230/,https://appfactory.dec.ny.gov/DERExternalSearch/ERDDetails?SiteCode=C915230,Buffalo Color Corp Area A-B,518-402-9764,derweb@dec.ny.gov,545.476013183594,136.214581429353
48,272,411005,Proposed,MGP Tar,Uncapped,Uncapped,1167.52365234,https://extapps.dec.ny.gov/data/DecDocs/411005/,https://appfactory.dec.ny.gov/DERExternalSearch/ERDDetails?SiteCode=411005,NM-Hudson MGP,518-402-9764,derweb@dec.ny.gov,18881.166015625,1167.52365233621
49,273,828204,Proposed,MGP Tar,Uncapped,Uncapped,853.62884397,https://extapps.dec.ny.gov/data/DecDocs/828204/,https://appfactory.dec.ny.gov/DERExternalSearch/ERDDetails?SiteCode=828204,RGE East Station,518-402-9764,derweb@dec.ny.gov,6590.68078613281,853.628843962646
50,275,C420027,Installed,MGP Tar,"Capped. Tar was excavated, but residual contamination remains at depth.",Capped,139.12835902,https://extapps.dec.ny.gov/data/DecDocs/C420027/,https://appfactory.dec.ny.gov/DERExternalSearch/ERDDetails?SiteCode=C420027,CH -  Catskill Former Manufactured Gas Plant (MGP),518-402-9764,derweb@dec.ny.gov,779.09130859375,139.128359022426
51,276,224019B,Installed,MGP Tar,Tar may be present at a depth of 10' or greater below the depth of expected navigational dredging.,Cover,762.4836077,https://extapps.dec.ny.gov/data/DecDocs/224019B/,https://appfactory.dec.ny.gov/DERExternalSearch/ERDDetails?SiteCode=224019B,K-Nassau Works MGP,518-402-9764,derweb@dec.ny.gov,32526.7600097656,762.483607698204
52,277,314004,Uncapped,"metals, including lead, nickel, mercury, zinc, chromium, copper, silver, and arsenic and PAHs",Uncapped,Uncapped,1454.99284875,https://extapps.dec.ny.gov/data/DecDocs/314004/,https://appfactory.dec.ny.gov/DERExternalSearch/ERDDetails?SiteCode=314004,Texaco Research Center,518-402-9764,derweb@dec.ny.gov,25048.2495117188,1454.99284875014
53,278,645007,Capped,"PCBs, metals","one section is capped, remaining area sediment removal to meet standards",Capped,345.6480152,https://extapps.dec.ny.gov/data/DecDocs/645007/,https://appfactory.dec.ny.gov/DERExternalSearch/ERDDetails?SiteCode=645007,General Motors Corp: Powertrain,518-402-9764,derweb@dec.ny.gov,7183.18310546875,345.648015198148
54,279,645015,Capped,"PCBs, metals, PAHs",Capped based on contaminant,Capped,2493.55164978,https://extapps.dec.ny.gov/data/DecDocs/645015/,https://appfactory.dec.ny.gov/DERExternalSearch/ERDDetails?SiteCode=645015, ,518-402-9764,derweb@dec.ny.gov,141932.809814453,2493.55164978919
55,280,353013,Uncapped,Lead,Uncapped,Uncapped,10322.2902483,https://extapps.dec.ny.gov/data/DecDocs/353013/,https://appfactory.dec.ny.gov/DERExternalSearch/ERDDetails?SiteCode=353013,Wurtsboro Lead Mine,518-402-9764,derweb@dec.ny.gov,74703.7751464844,10322.2902483313
56,286,B00031,Cover,"metals, including lead, iron, nickel, mercury, zinc, chromium, copper, cadium and PAHs","1 to 2 feet of clean sand over an unwoven, orange geotextile.",Cover,659.53543006,https://extapps.dec.ny.gov/data/DecDocs/B00031/,https://appfactory.dec.ny.gov/DERExternalSearch/ERDDetails?SiteCode=B00031,Bush Terminal Landfill Piers 1-4,518-402-9764,derweb@dec.ny.gov,13401.9729003906,659.53543005579
57,287,915055,Uncapped,"SVOCs, Metals",Uncapped,Uncapped,774.83700638,https://extapps.dec.ny.gov/data/DecDocs/915055/,https://appfactory.dec.ny.gov/DERExternalSearch/ERDDetails?SiteCode=915055,Tonawanda Coke,518-402-9764,derweb@dec.ny.gov,11454.8564453125,774.837006382632
58,288,915140,Uncapped,PCBs,Uncapped,Uncapped,4078.92950712,https://extapps.dec.ny.gov/data/DecDocs/915140/,https://appfactory.dec.ny.gov/DERExternalSearch/ERDDetails?SiteCode=915140,Tennessee Gas Pipeline Station 229,518-402-9764,derweb@dec.ny.gov,37526.9611206055,4078.92950712606
59,289,915239,Uncapped,PCBs,Uncapped,Uncapped,2190.29011296,https://extapps.dec.ny.gov/data/DecDocs/915239/,https://appfactory.dec.ny.gov/DERExternalSearch/ERDDetails?SiteCode=915239,5565 River Road Site,518-402-9764,derweb@dec.ny.gov,15459.9760131836,2190.29011296468
60,290,932156,Uncapped,PCBs,Uncapped,Uncapped,50668.6859395,https://extapps.dec.ny.gov/data/DecDocs/932156/,https://appfactory.dec.ny.gov/DERExternalSearch/ERDDetails?SiteCode=932156,Eighteenmile Creek Sediments,518-402-9764,derweb@dec.ny.gov,974775.994934082,50668.6859394701
61,291,932060,Installed,"VOCs, SVOCs, Metals",Rip-Rap or hydric soil/gabion mat,Cover,3098.26389621,https://extapps.dec.ny.gov/data/DecDocs/932060/,https://appfactory.dec.ny.gov/DERExternalSearch/ERDDetails?SiteCode=932060,Gratwick Park,518-402-9764,derweb@dec.ny.gov,25181.8901367188,3098.26389620471
62,292,907022,Uncapped,PCBs,Uncapped,Uncapped,5274.66197106,https://extapps.dec.ny.gov/data/DecDocs/907022/,https://appfactory.dec.ny.gov/DERExternalSearch/ERDDetails?SiteCode=907022,Al-Tech Specialty Steel Corp. (specifically OU-2),518-402-9764,derweb@dec.ny.gov,13287.7528076172,5274.66197103934
63,294,915063,Cover,"PAHs, Metals",Rip-Rap,Cover,877.43783363,https://extapps.dec.ny.gov/data/DecDocs/915063/,https://appfactory.dec.ny.gov/DERExternalSearch/ERDDetails?SiteCode=915063,Niagara Mohawk - Cherry Farm,518-402-9764,derweb@dec.ny.gov,4961.40161132813,877.437833627953
64,295,915009,Uncapped,"PAHs, Metals",Uncapped,Uncapped,6411.67985467,https://extapps.dec.ny.gov/data/DecDocs/915009/,https://appfactory.dec.ny.gov/DERExternalSearch/ERDDetails?SiteCode=915009,Bethlehem Steel,518-402-9764,derweb@dec.ny.gov,146944.92791748,6411.6798546693
65,296,915311,Uncapped,PCBs,Uncapped,Uncapped,1048.90190039,https://extapps.dec.ny.gov/data/DecDocs/915311/,https://appfactory.dec.ny.gov/DERExternalSearch/ERDDetails?SiteCode=915311,1660 Niagara Street,518-402-9764,derweb@dec.ny.gov,10150.0252075195,1048.90190038664
66,297,B00164,Installed,"PAHs, PCBs, Metals",1 foot clean stone cover under engineered benthic habitat,Cover,1307.52994157,https://extapps.dec.ny.gov/data/DecDocs/B00164/,https://appfactory.dec.ny.gov/DERExternalSearch/ERDDetails?SiteCode=B00164,Hanna Furnace Subparcel 3,518-402-9764,derweb@dec.ny.gov,35193.9883422852,1307.52994157712
67,298,932018,Uncapped,"polychlorinated dibenzo-furnans and dioxins
polychlorinated dibenzo-furnans and dioxins
",Uncapped,Uncapped,6969.06864344,https://extapps.dec.ny.gov/data/DecDocs/932018/,https://appfactory.dec.ny.gov/DERExternalSearch/ERDDetails?SiteCode=932018,Durez Div. - Occidental Chemical Corp.,518-402-9764,derweb@dec.ny.gov,360597.828735352,6969.06864343943
68,299,645015,Installed,PCBs,"Varies by location. Up to 37” thick. Mixed materials including sand, gravel, chemical isolation layer, and stone armoring.",Engineered cap,26957.4591601,https://extapps.dec.ny.gov/data/DecDocs/645015/,https://appfactory.dec.ny.gov/DERExternalSearch/ERDDetails?SiteCode=645015,St. Lawrence-Grasse River; Massena area,518-402-9764,derweb@dec.ny.gov,1045589.58105469,26957.4570038583
