key,jurisdiction,scope,kind,level,unit,basis,year,note,url
HG,WHO,drinking water,guideline,6,µg/L,"TDI 2 µg/kg bw (rat kidney), 10% to water, 60 kg adult",2022,Inorganic mercury only,https://www.ncbi.nlm.nih.gov/books/NBK579460/table/ch12.tab94/
HG,EU,drinking water,enforceable,1.0,µg/L,Directive 2020/2184 Annex I Part B parametric value,2020,Total mercury,https://www.legislation.gov.uk/eudr/2020/2184/annex/I
HG,United States (EPA),drinking water,enforceable,0.002,mg/L,NPDWR MCL (inorganic mercury),1992,MCLG also 0.002 mg/L,https://www.epa.gov/ground-water-and-drinking-water/national-primary-drinking-water-regulations
HG,United States (EPA),drinking water,health goal,0.002,mg/L,MCLG inorganic mercury,1992,Same as MCL,https://www.epa.gov/ground-water-and-drinking-water/national-primary-drinking-water-regulations
HG,New York,drinking water,enforceable,0.002,mg/L,10 NYCRR Part 5 Subpart 5-1 Table 1 MCL,2023,Matches federal MCL,https://www.health.ny.gov/regulations/nycrr/title_10/part_5/docs/subpart_5-1_tables.pdf
HG,California,drinking water,enforceable,2,µg/L,California MCL (Title 22),1977,Inorganic mercury,https://www.waterboards.ca.gov/drinking_water/certlic/drinkingwater/documents/mclreview/mcls_dlrs_phgs.pdf
HG,California,drinking water,health goal,0.0012,mg/L,OEHHA PHG inorganic mercury,2005,PHG dated June 1 2005,https://oehha.ca.gov/water/public-health-goals-phgs?page=2
HG,Japan,drinking water,enforceable,0.0005,mg/L,Japan Drinking Water Quality Standard (mercury and its compounds),2004,Strictest enforceable found,https://www.mhlw.go.jp/english/policy/health/water_supply/dl/4a.pdf
HG,Canada,drinking water,guideline,0.001,mg/L,Health Canada MAC,1986,,https://www.canada.ca/en/health-canada/services/environmental-workplace-health/reports-publications/water-quality/guidelines-canadian-drinking-water-quality-summary-table.html
PB,WHO,drinking water,guideline,10,µg/L,"provisional (A,T): analytical and treatment achievability",2017,Provisional; no safe level identified,https://www.who.int/docs/default-source/wash-documents/water-safety-and-quality/dwq-guidelines-4/gdwq4-with-add1-annex3.pdf
PB,EU,drinking water,enforceable,5,µg/L,Directive 2020/2184 Annex I Part B parametric value,2020,10 µg/L applies until 12 Jan 2036; 5 µg/L thereafter,https://www.legislation.gov.uk/eudr/2020/2184/annex/I
PB,United States (EPA),drinking water,notification/action level,0.015,mg/L,Lead and Copper Rule action level (90th percentile at tap),1991,Treatment technique; 90th percentile of tap samples,https://www.epa.gov/ground-water-and-drinking-water/national-primary-drinking-water-regulations
PB,United States (EPA),drinking water,notification/action level,0.010,mg/L,LCRI revised action level,2024,Applies from LCRI compliance date 1 Nov 2027,https://www.epa.gov/ground-water-and-drinking-water/national-primary-drinking-water-regulations
PB,United States (EPA),drinking water,health goal,0,mg/L,MCLG zero (no safe level),1991,,https://www.epa.gov/ground-water-and-drinking-water/national-primary-drinking-water-regulations
PB,New York,drinking water,notification/action level,0.015,mg/L,NY adopts federal Lead and Copper Rule action level,1992,90th percentile of tap samples,https://www.health.ny.gov/environmental/water/drinking/lead/
PB,California,drinking water,notification/action level,15,µg/L,California action level (Lead and Copper),1995,90th percentile of tap samples,https://www.waterboards.ca.gov/drinking_water/certlic/drinkingwater/documents/mclreview/mcls_dlrs_phgs.pdf
PB,California,drinking water,health goal,0.0002,mg/L,OEHHA PHG (neurobehavioral effects in children),2009,,https://oehha.ca.gov/water/public-health-goals-phgs?page=2
PB,Canada,drinking water,guideline,0.005,mg/L,Health Canada MAC; ALARA,2019,No known safe exposure level; at the tap,https://www.canada.ca/en/health-canada/services/environmental-workplace-health/reports-publications/water-quality/guidelines-canadian-drinking-water-quality-summary-table.html
PB,Japan,drinking water,enforceable,0.01,mg/L,Japan Drinking Water Quality Standard,2004,,https://www.mhlw.go.jp/english/policy/health/water_supply/dl/4a.pdf
PB,Michigan,drinking water,notification/action level,12,µg/L,Michigan Lead and Copper Rule action level,2025,Lowered from 15 ppb effective 1 Jan 2025,https://www.michigan.gov/egle/about/organization/drinking-water-and-environmental-health/community-water-supply/lead-and-copper-rule
AS,WHO,drinking water,guideline,10,µg/L,"provisional (A,T): analytical and treatment achievability",2017,Provisional; carcinogen,https://www.who.int/docs/default-source/wash-documents/water-safety-and-quality/dwq-guidelines-4/gdwq4-with-add1-annex3.pdf
AS,EU,drinking water,enforceable,10,µg/L,Directive 2020/2184 Annex I Part B parametric value,2020,,https://www.legislation.gov.uk/eudr/2020/2184/annex/I
AS,United States (EPA),drinking water,enforceable,0.010,mg/L,NPDWR MCL,2006,Effective 23 Jan 2006,https://www.epa.gov/ground-water-and-drinking-water/national-primary-drinking-water-regulations
AS,United States (EPA),drinking water,health goal,0,mg/L,MCLG zero (carcinogen),2001,,https://www.epa.gov/ground-water-and-drinking-water/national-primary-drinking-water-regulations
AS,New York,drinking water,enforceable,0.010,mg/L,10 NYCRR Part 5 Subpart 5-1 Table 1 MCL,2023,Matches federal MCL,https://www.health.ny.gov/regulations/nycrr/title_10/part_5/docs/subpart_5-1_tables.pdf
AS,New Jersey,drinking water,enforceable,5,µg/L,New Jersey MCL (N.J.A.C. 7:10),2006,Strictest US state MCL,https://www.nj.gov/health/ceohs/documents/dwf_arsenic.pdf
AS,Denmark,drinking water,enforceable,5,µg/L,Danish drinking water quality requirement at waterworks exit,2013,5 µg/L at waterworks exit; 10 µg/L at consumer tap,https://mst.dk/media/3y1hraut/arsen-dkk-administrative-overvejelser-marts-2013.pdf
AS,California,drinking water,enforceable,10,µg/L,California MCL,2008,,https://www.waterboards.ca.gov/drinking_water/certlic/drinkingwater/documents/mclreview/mcls_dlrs_phgs.pdf
AS,California,drinking water,health goal,0.000004,mg/L,OEHHA PHG lifetime cancer risk 1e-6,2004,,https://oehha.ca.gov/water/public-health-goals-phgs
AS,Canada,drinking water,guideline,0.010,mg/L,Health Canada MAC; ALARA,2006,,https://www.canada.ca/en/health-canada/services/environmental-workplace-health/reports-publications/water-quality/guidelines-canadian-drinking-water-quality-summary-table.html
AS,Japan,drinking water,enforceable,0.01,mg/L,Japan Drinking Water Quality Standard,2004,,https://www.mhlw.go.jp/english/policy/health/water_supply/dl/4a.pdf
RADON,WHO,drinking water,guideline,,Bq/L,individual dose criterion 0.1 mSv/year,2017,No guideline set; WHO says screening for radon in water not usually necessary; indoor air 100 Bq/m3,https://www.who.int/docs/default-source/wash-documents/water-safety-and-quality/dwq-guidelines-4/gdwq4-with-add1-chap9.pdf
RADON,EU,drinking water,enforceable,100,Bq/L,Council Directive 2013/51/Euratom Annex I parametric value,2013,Remedial action justified without further consideration above 1000 Bq/L,https://www.legislation.gov.uk/eudr/2013/51/annex/I
RADON,Germany,drinking water,enforceable,100,Bq/L,Trinkwasserverordnung 2023 Anlage 4 Parameterwert Radon-222,2023,,https://www.gesetze-im-internet.de/trinkwv_2023/anlage_4.html
RADON,United States (EPA),drinking water,proposed,300,pCi/L,Proposed MCL (1999 proposed radon rule),1999,Never finalized; AMCL 4000 pCi/L with multimedia mitigation program,https://archive.epa.gov/water/archive/web/html/fact.html
RADON,United States (EPA),drinking water,proposed,4000,pCi/L,Proposed alternative MCL with multimedia mitigation program,1999,Never finalized; applies only with approved MMM program,https://archive.epa.gov/water/archive/web/html/fact.html
RADON,New York,drinking water,enforceable,,pCi/L,none,2023,No NY radon-in-water limit; gross alpha 15 pCi/L excludes radon,https://www.health.ny.gov/regulations/nycrr/title_10/part_5/docs/subpart_5-1_tables.pdf
RADON,Canada,drinking water,guideline,2000,Bq/L,Health Canada action level; ingestion risk negligible,2009,No MAC; above 2000 Bq/L reduce release to indoor air,https://www.canada.ca/content/dam/hc-sc/migration/hc-sc/ewh-semt/alt_formats/pdf/pubs/water-eau/sum_guide-res_recom/sum_guide-res_recom-eng.pdf
RADIUM,WHO,drinking water,guideline,1,Bq/L,guidance level Ra-226; individual dose criterion 0.1 mSv/year,2017,Ra-226 only; Ra-228 guidance level 0.1 Bq/L,https://www.who.int/docs/default-source/wash-documents/water-safety-and-quality/dwq-guidelines-4/gdwq4-with-add1-chap9.pdf
RADIUM,WHO,drinking water,guideline,0.1,Bq/L,guidance level Ra-228; individual dose criterion 0.1 mSv/year,2017,Ra-228 only,https://www.who.int/docs/default-source/wash-documents/water-safety-and-quality/dwq-guidelines-4/gdwq4-with-add1-chap9.pdf
RADIUM,EU,drinking water,guideline,0.5,Bq/L,Directive 2013/51/Euratom Annex III derived concentration for 0.1 mSv indicative dose,2013,Ra-226 only; screening value not parametric value; Ra-228 0.2 Bq/L,https://www.legislation.gov.uk/eudr/2013/51/annex/III
RADIUM,EU,drinking water,guideline,0.2,Bq/L,Directive 2013/51/Euratom Annex III derived concentration for 0.1 mSv indicative dose,2013,Ra-228 only; screening value not parametric value,https://www.legislation.gov.uk/eudr/2013/51/annex/III
RADIUM,United States (EPA),drinking water,enforceable,5,pCi/L,NPDWR MCL combined radium-226+228,2000,Sum of Ra-226 + Ra-228,https://www.epa.gov/ground-water-and-drinking-water/national-primary-drinking-water-regulations
RADIUM,United States (EPA),drinking water,health goal,0,pCi/L,MCLG zero (carcinogen),2000,Sum of Ra-226 + Ra-228,https://www.epa.gov/ground-water-and-drinking-water/national-primary-drinking-water-regulations
RADIUM,New York,drinking water,enforceable,5,pCi/L,10 NYCRR Part 5 Subpart 5-1 Table 7 MCL,2023,Sum of Ra-226 + Ra-228,https://www.health.ny.gov/regulations/nycrr/title_10/part_5/docs/subpart_5-1_tables.pdf
RADIUM,California,drinking water,enforceable,5,pCi/L,California MCL combined radium-226+228,2006,Sum of Ra-226 + Ra-228,https://www.waterboards.ca.gov/drinking_water/certlic/drinkingwater/documents/mclreview/mcls_dlrs_phgs.pdf
RADIUM,California,drinking water,health goal,0.05,pCi/L,OEHHA PHG Ra-226 lifetime cancer risk 1e-6,2006,Ra-226 only,https://oehha.ca.gov/water/public-health-goals-phgs?page=3
RADIUM,California,drinking water,health goal,0.019,pCi/L,OEHHA PHG Ra-228 lifetime cancer risk 1e-6,2006,Ra-228 only,https://oehha.ca.gov/water/public-health-goals-phgs?page=3
RADIUM,Canada,drinking water,guideline,0.5,Bq/L,Health Canada MAC Ra-226 (2009 summary table),2009,Ra-226 only; no Ra-228 MAC in 2009 table,https://www.canada.ca/content/dam/hc-sc/migration/hc-sc/ewh-semt/alt_formats/pdf/pubs/water-eau/sum_guide-res_recom/sum_guide-res_recom-eng.pdf
RADIUM,Canada,drinking water,guideline,5,Bq/L,Health Canada MAC Ra-226 (2025 radiological technical document),2025,Ra-226 only; Ra-228 MAC 2 Bq/L,https://www.canada.ca/en/health-canada/services/publications/healthy-living/guidelines-canadian-drinking-water-quality-guideline-technical-document-radiological-parameters.html
RADIUM,Canada,drinking water,guideline,2,Bq/L,Health Canada MAC Ra-228 (2025 radiological technical document),2025,Ra-228 only,https://www.canada.ca/en/health-canada/services/publications/healthy-living/guidelines-canadian-drinking-water-quality-guideline-technical-document-radiological-parameters.html
BA,WHO,drinking water,guideline,1.3,mg/L,BMDL05 63 mg/kg bw per day (nephropathy in mice),2017,,https://www.who.int/docs/default-source/wash-documents/water-safety-and-quality/dwq-guidelines-4/gdwq4-with-add1-annex3.pdf
BA,EU,drinking water,enforceable,,µg/L,none,2020,No parametric value; barium not listed in Directive 2020/2184 Annex I,https://www.legislation.gov.uk/eudr/2020/2184/annex/I
BA,United States (EPA),drinking water,enforceable,2,mg/L,NPDWR MCL,1992,,https://www.epa.gov/ground-water-and-drinking-water/national-primary-drinking-water-regulations
BA,United States (EPA),drinking water,health goal,2,mg/L,MCLG,1992,Same as MCL,https://www.epa.gov/ground-water-and-drinking-water/national-primary-drinking-water-regulations
BA,New York,drinking water,enforceable,2.00,mg/L,10 NYCRR Part 5 Subpart 5-1 Table 1 MCL,2023,Matches federal MCL,https://www.health.ny.gov/regulations/nycrr/title_10/part_5/docs/subpart_5-1_tables.pdf
BA,California,drinking water,enforceable,1000,µg/L,California MCL (Title 22),1977,Strictest enforceable found,https://www.waterboards.ca.gov/drinking_water/certlic/drinkingwater/documents/mclreview/mcls_dlrs_phgs.pdf
BA,California,drinking water,health goal,2,mg/L,OEHHA PHG,2003,,https://oehha.ca.gov/water/public-health-goals-phgs
BA,Canada,drinking water,guideline,2.0,mg/L,Health Canada MAC,2020,,https://www.canada.ca/en/health-canada/services/environmental-workplace-health/reports-publications/water-quality/guidelines-canadian-drinking-water-quality-summary-table.html
BA,Japan,drinking water,enforceable,,mg/L,none,2004,Barium not among Japan's 51 standard items,https://www.mhlw.go.jp/english/policy/health/water_supply/dl/4a.pdf
FE,WHO,drinking water,guideline,,,not of health concern at levels found,1993,"No guideline value; WHO says not of health concern at levels found in drinking-water, may affect acceptability (taste/staining)",https://cdn.who.int/media/docs/default-source/wash-documents/water-safety-and-quality/chemical-fact-sheets-2022/iron-fact-sheet-2022.pdf
FE,EU,drinking water,health goal,200,µg/L,aesthetic indicator,2020,"Annex I Part C indicator parameter; monitoring purpose, remedial action only if risk to health",https://eur-lex.europa.eu/legal-content/EN/TXT/HTML/?uri=CELEX:32020L2184
FE,United States (EPA),drinking water,guideline,0.3,mg/L,"aesthetic (staining, taste)",1979,Secondary MCL; EPA states it does not enforce SMCLs,https://www.epa.gov/sdwa/secondary-drinking-water-standards-guidance-nuisance-chemicals
FE,New York,drinking water,enforceable,0.3,mg/L,aesthetic,2017,Part 5 Table 1 MCL; footnote 7: iron plus manganese combined not to exceed 0.5 mg/L,https://www.health.ny.gov/regulations/nycrr/title_10/part_5/docs/subpart_5-1_tables.pdf
FE,California,drinking water,enforceable,300,µg/L,aesthetic,1977,California secondary MCL (enforceable in CA),https://www.waterboards.ca.gov/drinking_water/certlic/drinkingwater/documents/mclreview/mcls_dlrs_phgs.pdf
FE,Canada,drinking water,guideline,0.1,mg/L,aesthetic,2024,Aesthetic objective; no MAC required,https://www.canada.ca/en/health-canada/services/environmental-workplace-health/reports-publications/water-quality/guidelines-canadian-drinking-water-quality-summary-table.html
FE,Japan,drinking water,enforceable,0.3,mg/L,aesthetic,2015,"Drinking Water Quality Standard, iron and its compounds",https://www.mhlw.go.jp/english/policy/health/water_supply/dl/4a.pdf
FE,Australia,drinking water,guideline,0.3,mg/L,aesthetic,1996,ADWG aesthetic value; no health-based value set (insufficient data),https://guidelines.nhmrc.gov.au/australian-drinking-water-guidelines/part-5/physical-chemical-characteristics/iron
FE,Germany,drinking water,enforceable,0.2,mg/L,aesthetic indicator,2023,"TrinkwV 2023 Anlage 3 indicator parameter Grenzwert (0,200 mg/l)",https://www.gesetze-im-internet.de/trinkwv_2023/anlage_3.html
MN,WHO,drinking water,guideline,0.08,mg/L,"neurological effects, bottle-fed infants, UF 1000",2021,"Provisional guideline value (80 µg/L), total manganese; 2nd addendum 2022",https://cdn.who.int/media/docs/default-source/wash-documents/water-safety-and-quality/chemical-fact-sheets-2022/manganese-fact-sheet-2022.pdf
MN,EU,drinking water,health goal,50,µg/L,aesthetic indicator,2020,"Annex I Part C indicator parameter; monitoring purpose, remedial action only if risk to health",https://eur-lex.europa.eu/legal-content/EN/TXT/HTML/?uri=CELEX:32020L2184
MN,United States (EPA),drinking water,guideline,0.05,mg/L,"aesthetic (staining, taste)",1979,Secondary MCL; not enforced by EPA,https://www.epa.gov/sdwa/secondary-drinking-water-standards-guidance-nuisance-chemicals
MN,United States (EPA),drinking water,guideline,0.3,mg/L,"neurological effects, lifetime",2004,"Lifetime health advisory, non-regulatory; 2018 HA table",https://www.epa.gov/system/files/documents/2022-01/dwtable2018.pdf
MN,New York,drinking water,enforceable,0.3,mg/L,aesthetic,2017,Part 5 Table 1 MCL; footnote 7: iron plus manganese combined not to exceed 0.5 mg/L,https://www.health.ny.gov/regulations/nycrr/title_10/part_5/docs/subpart_5-1_tables.pdf
MN,California,drinking water,enforceable,50,µg/L,aesthetic,1977,California secondary MCL; no notification level listed in table,https://www.waterboards.ca.gov/drinking_water/certlic/drinkingwater/documents/mclreview/mcls_dlrs_phgs.pdf
MN,Canada,drinking water,guideline,0.12,mg/L,"neurological effects, infants",2019,Maximum acceptable concentration (health-based),https://www.canada.ca/en/health-canada/services/environmental-workplace-health/reports-publications/water-quality/guidelines-canadian-drinking-water-quality-summary-table.html
MN,Canada,drinking water,guideline,0.02,mg/L,aesthetic,2019,Aesthetic objective,https://www.canada.ca/en/health-canada/services/environmental-workplace-health/reports-publications/water-quality/guidelines-canadian-drinking-water-quality-summary-table.html
MN,Japan,drinking water,enforceable,0.05,mg/L,aesthetic,2015,"Drinking Water Quality Standard, manganese and its compounds",https://www.mhlw.go.jp/english/policy/health/water_supply/dl/4a.pdf
MN,Australia,drinking water,guideline,0.1,mg/L,"neurotoxicity, bottle-fed infants, UF 1000",2025,"ADWG health guideline value, updated 2025",https://guidelines.nhmrc.gov.au/australian-drinking-water-guidelines/part-5/physical-chemical-characteristics/manganese
MN,Australia,drinking water,guideline,0.05,mg/L,aesthetic,2025,ADWG aesthetic value at tap; target below 0.02 mg/L at treatment plant,https://guidelines.nhmrc.gov.au/australian-drinking-water-guidelines/part-5/physical-chemical-characteristics/manganese
MN,Massachusetts,drinking water,guideline,0.3,mg/L,"neurological effects, lifetime",,MassDEP ORSG; infants: not above 0.3 mg/L more than 10 days/year; SMCL 0.05 mg/L,https://www.mass.gov/info-details/manganese-in-drinking-water
MN,Germany,drinking water,enforceable,0.05,mg/L,aesthetic indicator,2023,"TrinkwV 2023 Anlage 3 indicator parameter Grenzwert (0,050 mg/l)",https://www.gesetze-im-internet.de/trinkwv_2023/anlage_3.html
NA,WHO,drinking water,guideline,,,no firm health conclusion,1993,No guideline value; taste unacceptable above about 200 mg/L,https://cdn.who.int/media/docs/default-source/wash-documents/water-safety-and-quality/chemical-fact-sheets-2022/sodium-fact-sheet-2022.pdf
NA,EU,drinking water,health goal,200,mg/L,taste indicator,2020,"Annex I Part C indicator parameter; monitoring purpose, remedial action only if risk to health",https://eur-lex.europa.eu/legal-content/EN/TXT/HTML/?uri=CELEX:32020L2184
NA,United States (EPA),drinking water,guideline,20,mg/L,500 mg/day sodium-restricted diet,2018,"Health-based guidance, not an MCL; taste threshold 30-60 mg/L; 2018 HA table",https://www.epa.gov/system/files/documents/2022-01/dwtable2018.pdf
NA,New York,drinking water,notification/action level,20,mg/L,severely restricted sodium diets,2017,No MCL; Table 1 footnote 8; 270 mg/L for moderately restricted diets,https://www.health.ny.gov/regulations/nycrr/title_10/part_5/docs/subpart_5-1_tables.pdf
NA,Canada,drinking water,guideline,200,mg/L,taste,1979,Aesthetic objective; no MAC required,https://www.canada.ca/en/health-canada/services/environmental-workplace-health/reports-publications/water-quality/guidelines-canadian-drinking-water-quality-summary-table.html
NA,Japan,drinking water,enforceable,200,mg/L,taste,2015,"Drinking Water Quality Standard, sodium and its compounds",https://www.mhlw.go.jp/english/policy/health/water_supply/dl/4a.pdf
NA,Australia,drinking water,guideline,180,mg/L,taste,1996,ADWG aesthetic value; no health value; inform patients if above 20 mg/L,https://guidelines.nhmrc.gov.au/australian-drinking-water-guidelines/part-5/physical-chemical-characteristics/sodium
NA,Germany,drinking water,enforceable,200,mg/L,taste indicator,2023,TrinkwV 2023 Anlage 3 indicator parameter Grenzwert,https://www.gesetze-im-internet.de/trinkwv_2023/anlage_3.html
CL,WHO,drinking water,guideline,,,not of health concern at levels found,1993,No health-based guideline value; taste detectable above about 250 mg/L,https://cdn.who.int/media/docs/default-source/wash-documents/water-safety-and-quality/chemical-fact-sheets-2022/chloride-fact-sheet-2022.pdf
CL,EU,drinking water,health goal,250,mg/L,taste/corrosion indicator,2020,"Annex I Part C indicator parameter; monitoring purpose, remedial action only if risk to health",https://eur-lex.europa.eu/legal-content/EN/TXT/HTML/?uri=CELEX:32020L2184
CL,United States (EPA),drinking water,guideline,250,mg/L,taste,1979,Secondary MCL; not enforced by EPA,https://www.epa.gov/sdwa/secondary-drinking-water-standards-guidance-nuisance-chemicals
CL,United States (EPA),stream (aquatic life),guideline,230000,µg/L,chronic aquatic toxicity,1988,"CCC chronic criterion; acute CMC 860,000 µg/L; national recommended criteria",https://www.epa.gov/wqc/national-recommended-water-quality-criteria-aquatic-life-criteria-table
CL,New York,drinking water,enforceable,250,mg/L,taste,2017,Part 5 Table 1 MCL,https://www.health.ny.gov/regulations/nycrr/title_10/part_5/docs/subpart_5-1_tables.pdf
CL,California,drinking water,enforceable,250,mg/L,taste,1981,California secondary MCL (enforceable in CA),https://www.waterboards.ca.gov/drinking_water/certlic/drinkingwater/documents/mclreview/mcls_dlrs_phgs.pdf
CL,Canada,drinking water,guideline,250,mg/L,taste,2025,"Aesthetic objective, listed under operational parameters; no MAC",https://www.canada.ca/en/health-canada/services/environmental-workplace-health/reports-publications/water-quality/guidelines-canadian-drinking-water-quality-summary-table.html
CL,Japan,drinking water,enforceable,200,mg/L,taste,2015,"Drinking Water Quality Standard, chloride ion",https://www.mhlw.go.jp/english/policy/health/water_supply/dl/4a.pdf
CL,Australia,drinking water,guideline,250,mg/L,taste,1996,ADWG aesthetic value; no health value,https://guidelines.nhmrc.gov.au/australian-drinking-water-guidelines/part-5/physical-chemical-characteristics/chloride
CL,Germany,drinking water,enforceable,250,mg/L,taste indicator,2023,TrinkwV 2023 Anlage 3 indicator parameter Grenzwert,https://www.gesetze-im-internet.de/trinkwv_2023/anlage_3.html
NO3,WHO,drinking water,guideline,50,mg/L,"methaemoglobinaemia, bottle-fed infants",2016,Expressed as nitrate ion (NO3); nitrite 3 mg/L; nitrate/50 + nitrite/3 must not exceed 1,https://www.who.int/docs/default-source/wash-documents/wash-chemicals/nitrate-nitrite-chemical-fact-sheet.pdf
NO3,EU,drinking water,enforceable,50,mg/L,"methaemoglobinaemia, infants",2020,"Annex I Part B, expressed as NO3; nitrite 0.5 mg/L; [nitrate]/50 + [nitrite]/3 not above 1",https://eur-lex.europa.eu/legal-content/EN/TXT/HTML/?uri=CELEX:32020L2184
NO3,United States (EPA),drinking water,enforceable,10,mg/L,"blue-baby syndrome, infants under 6 months",1991,MCL expressed as nitrate-N; nitrite-N MCL 1 mg/L,https://www.epa.gov/ground-water-and-drinking-water/national-primary-drinking-water-regulations
NO3,United States (EPA),drinking water,health goal,10,mg/L,"blue-baby syndrome, infants under 6 months",1991,MCLG expressed as nitrate-N,https://www.epa.gov/ground-water-and-drinking-water/national-primary-drinking-water-regulations
NO3,New York,drinking water,enforceable,10,mg/L,"methaemoglobinaemia, infants",2017,"Part 5 Table 2, as nitrogen; nitrite-N 1 mg/L; total nitrate+nitrite-N 10 mg/L",https://www.health.ny.gov/regulations/nycrr/title_10/part_5/docs/subpart_5-1_tables.pdf
NO3,California,drinking water,enforceable,10000,µg/L,"methaemoglobinaemia, infants",2018,"MCL as N (10,000 µg/L as N); nitrite-N MCL 1,000 µg/L",https://www.waterboards.ca.gov/drinking_water/certlic/drinkingwater/documents/mclreview/mcls_dlrs_phgs.pdf
NO3,California,drinking water,health goal,10000,µg/L,"methaemoglobinaemia, infants",2018,PHG as N; document says also expressible as 45 mg/L as NO3,https://www.waterboards.ca.gov/drinking_water/certlic/drinkingwater/documents/mclreview/mcls_dlrs_phgs.pdf
NO3,Canada,drinking water,guideline,45,mg/L,"methaemoglobinaemia, infants",2013,MAC as nitrate ion; equals 10 mg/L as nitrate-N; nitrite MAC 3 mg/L (1 as N),https://www.canada.ca/en/health-canada/services/environmental-workplace-health/reports-publications/water-quality/guidelines-canadian-drinking-water-quality-summary-table.html
NO3,Japan,drinking water,enforceable,10,mg/L,"methaemoglobinaemia, infants",2015,Sum of nitrate-nitrogen plus nitrite-nitrogen (as N); nitrite-N alone 0.04 mg/L,https://www.mhlw.go.jp/english/policy/health/water_supply/dl/4a.pdf
NO3,Australia,drinking water,guideline,50,mg/L,"methaemoglobinaemia, bottle-fed infants under 3 months",2011,As nitrate (mg-NO3/L); adults and children over 3 months up to 100 mg/L; nitrite 3 mg/L,https://guidelines.nhmrc.gov.au/australian-drinking-water-guidelines/part-5/physical-chemical-characteristics/nitrate-and-nitrite
TP,WHO,drinking water,guideline,,,,,No WHO drinking-water guideline value for phosphorus; not a GDWQ chemical,https://cdn.who.int/media/docs/default-source/wash-documents/water-safety-and-quality/chemical-fact-sheets-2022/iron-fact-sheet-2022.pdf
TP,EU,drinking water,enforceable,,,,2020,Phosphorus is not an Annex I parameter of Directive 2020/2184; lake status thresholds set nationally under WFD,https://eur-lex.europa.eu/legal-content/EN/TXT/HTML/?uri=CELEX:32020L2184
TP,United States (EPA),drinking water,enforceable,,,,,No federal MCL for phosphorus; see EPA ecoregional lake criteria rows,https://www.epa.gov/ground-water-and-drinking-water/national-primary-drinking-water-regulations
TP,United States (EPA),lake water,guideline,8.0,µg/L,"reference condition, 25th percentile",2000,Nutrient Ecoregion VIII (glaciated Northeast) lakes/reservoirs recommended criterion; starting point for states,https://www.epa.gov/sites/default/files/documents/lakes8.pdf
TP,United States (EPA),lake water,guideline,14.75,µg/L,"reference condition, 25th percentile",2001,Nutrient Ecoregion VII lakes/reservoirs; Ecoregion XIV 8.00 µg/L; summary table,https://www.epa.gov/sites/production/files/2014-08/documents/criteria-nutrient-ecoregions-sumtable.pdf
TP,New York,lake water,guideline,20,µg/L,aesthetics/eutrophication,,"TOGS 1.1.1 guidance value for ponded waters (lakes), total phosphorus",https://dec.ny.gov/environmental-protection/water/water-quality/standards-classifications/nutrient-guidance-values
TP,New York,lake water,proposed,12,µg/L,drinking water source protection,2024,"Draft TOGS 1.1.1 addendum Dec 2024, Class AA/AA-S lakes; 17 µg/L Class A/A-S; 20 µg/L aquatic life all classes",https://dec.ny.gov/environmental-protection/water/water-quality/standards-classifications/nutrient-guidance-values
TP,Vermont,lake water,enforceable,12,µg/L,aesthetics use,2017,Vermont WQS Class A(1) lakes; 17 µg/L Classes A(2)/B(1); 18 µg/L Class B(2),https://dec.vermont.gov/sites/dec/files/documents/wsmd_water_quality_standards_2016.pdf
TP,Vermont,lake water,enforceable,0.010,mg/L,lake-specific eutrophication,2017,Lake Champlain Main Lake and Malletts Bay segments; up to 0.054 mg/L South Lake B; as P,https://dec.vermont.gov/sites/dec/files/documents/wsmd_water_quality_standards_2016.pdf
TP,Ireland (EU WFD),lake water,enforceable,0.025,mg/L,WFD good ecological status,2019,Annual mean as P; good-status boundary; high status 0.010 mg/L; S.I. 77/2019,https://www.irishstatutebook.ie/eli/2019/si/77/made/en/print
TP,Ireland (EU WFD),lake water,enforceable,0.010,mg/L,WFD high ecological status,2019,Annual mean as P; high-status boundary; S.I. 77/2019,https://www.irishstatutebook.ie/eli/2019/si/77/made/en/print
DO,WHO,drinking water,guideline,,,,,No WHO drinking-water guideline for dissolved oxygen; not a health parameter,https://cdn.who.int/media/docs/default-source/wash-documents/water-safety-and-quality/chemical-fact-sheets-2022/iron-fact-sheet-2022.pdf
DO,EU,drinking water,enforceable,,,,2020,Dissolved oxygen is not an Annex I parameter of Directive 2020/2184; stream/lake DO set nationally under WFD,https://eur-lex.europa.eu/legal-content/EN/TXT/HTML/?uri=CELEX:32020L2184
DO,United States (EPA),drinking water,enforceable,,,,,No MCL for dissolved oxygen; EPA 1986 aquatic-life DO criteria document could not be opened,https://www.epa.gov/ground-water-and-drinking-water/national-primary-drinking-water-regulations
DO,New York,stream (aquatic life),enforceable,4.0,mg/L,"aquatic life, non-trout waters",,6 NYCRR 703.3 minimum at all times; daily average not less than 5.0 mg/L,https://regulations.justia.com/states/new-york/title-6/chapter-x/subchapter-a/article-2/part-703/section-703-3
DO,New York,stream (aquatic life),enforceable,5.0,mg/L,"aquatic life, trout waters",,6 NYCRR 703.3 minimum at all times for T waters; daily average not less than 6.0 mg/L,https://regulations.justia.com/states/new-york/title-6/chapter-x/subchapter-a/article-2/part-703/section-703-3
DO,New York,stream (aquatic life),enforceable,7.0,mg/L,trout spawning,,"6 NYCRR 703.3 minimum for trout spawning (TS) waters, other than natural conditions",https://regulations.justia.com/states/new-york/title-6/chapter-x/subchapter-a/article-2/part-703/section-703-3
DO,Vermont,stream (aquatic life),enforceable,7,mg/L,salmonid spawning/nursery,2017,"Minimum at all times, also 75% saturation; Vermont WQS",https://dec.vermont.gov/sites/dec/files/documents/wsmd_water_quality_standards_2016.pdf
DO,Vermont,stream (aquatic life),enforceable,6,mg/L,cold water fish habitat,2017,"Minimum at all times, also 70% saturation; warm water 5 mg/L and 60% saturation",https://dec.vermont.gov/sites/dec/files/documents/wsmd_water_quality_standards_2016.pdf
DO,Canada,stream (aquatic life),guideline,9.5,mg/L,"cold-water biota, early life stages",1999,CCME minimum (lowest acceptable); other cold-water life stages 6.5 mg/L; warm water 6/5.5 mg/L,https://ccme.ca/en/res/dissolved-oxygen-freshwater-en-canadian-water-quality-guidelines-for-the-protection-of-aquatic-life.pdf
DO,Ireland (EU WFD),stream (aquatic life),enforceable,70,% saturation,"WFD good ecological status, rivers",2019,Minimum: 95th percentile above 70% saturation for good status; high status above 80%; S.I. 77/2019,https://www.irishstatutebook.ie/eli/2019/si/77/made/en/print
DO,Ireland (EU WFD),lake water,enforceable,80,% saturation,"WFD high ecological status, lakes",2019,Minimum: 95th percentile above 80% saturation for high status; S.I. 77/2019,https://www.irishstatutebook.ie/eli/2019/si/77/made/en/print
PFOS,WHO,drinking water,guideline,,ng/L,guideline development ongoing,2022,No guideline value set; 2022 draft not adopted; WHO advises keeping levels as low as reasonably practical,https://www.who.int/teams/environment-climate-change-and-health/water-sanitation-and-health/chemical-hazards-in-drinking-water/per-and-polyfluoroalkyl-substances
PFOS,WHO,drinking water,proposed,100,ng/L,2022 draft provisional value,2022,"Draft provisional guideline value each for PFOS and PFOA; not adopted, WHO reassessing",https://www.burges-salmon.com/articles/102jhoq/pfas-rethink-who-preparing-to-scrap-drinking-water-guidelines-for-pfas
PFOS,EU,drinking water,enforceable,0.10,µg/L,sum of 20 PFAS,2020,"Sum of 20 PFAS (10 PFCA + 10 PFSA, C4-C13) incl. PFOA, PFOS, PFHxS; applies from 12 Jan 2026",https://eur-lex.europa.eu/legal-content/EN/TXT/HTML/?uri=OJ:C_202404910
PFOS,EU,drinking water,enforceable,0.50,µg/L,PFAS Total,2020,PFAS Total (all PFAS); applies from 12 Jan 2026,https://eur-lex.europa.eu/legal-content/EN/TXT/HTML/?uri=OJ:C_202404910
PFOS,Denmark,drinking water,enforceable,0.002,µg/L,"sum of 4 PFAS, EFSA 2020 TWI",2023,Sum of PFOA+PFOS+PFNA+PFHxS; BEK 1023 of 29/06/2023 (first set 2021); also 0.1 µg/L sum of 22 PFAS,https://www.ft.dk/samling/20241/almdel/mof/spm/928/svar/2155061/3055031.pdf
PFOS,Germany,drinking water,enforceable,20,ng/L,sum of 4 PFAS,2023,"Sum of PFOA+PFOS+PFNA+PFHxS (PFAS-4), TrinkwV Anlage 2, applies from 12 Jan 2028; PFAS-20 sum 100 ng/L from 2026",https://www.umweltbundesamt.de/system/files/document/uba_empfehlung_umgang_abweichungen_pfas20_und_4.pdf
PFOS,Sweden,drinking water,enforceable,4,ng/L,sum of 4 PFAS,2022,"Sum of PFOA+PFOS+PFNA+PFHxS (PFAS 4), LIVSFS 2022:12, binding from 1 Jan 2026; PFAS 21 sum 100 ng/L",https://www.kemi.se/download/18.db1a89d18b37a78175b303/1697636850410/Gransvarden-och-riktvarden-for-PFAS.pdf
PFOS,Netherlands,drinking water,guideline,4.4,ng/L,"PFOA-equivalents, RIVM advice",2021,"RIVM advisory value, sum of PFAS expressed as PFOA-equivalents; legal limit follows EU 100 ng/L",https://www.rivm.nl/pfas/drinkwater
PFOS,Vermont,drinking water,enforceable,20,ng/L,sum of 5 PFAS,2019,Sum of PFOA+PFOS+PFHxS+PFHpA+PFNA; Water Supply Rule updated 2026 to align with EPA MCLs,https://dec.vermont.gov/sites/dec/files/documents/anr-dec-pfas-mcl-facatsheet-041024.pdf
PFOS,Canada,drinking water,guideline,30,ng/L,"sum of 25 PFAS, precautionary",2024,"Health Canada objective, sum of 25 PFAS; replaced individual PFOA/PFOS guidelines",https://www.canada.ca/en/health-canada/services/publications/healthy-living/guidelines-canadian-drinking-water-quality-technical-document-perfluorooctanoic-acid.html
PFOS,United States (EPA),drinking water,enforceable,4.0,ng/L,"cancer and noncancer, running annual average",2024,"MCL, running annual average; compliance 2029 (2031 extension proposed)",https://www.epa.gov/sdwa/and-polyfluoroalkyl-substances-pfas
PFOS,United States (EPA),drinking water,health goal,0,ng/L,carcinogen,2024,MCLG zero,https://www.epa.gov/sdwa/and-polyfluoroalkyl-substances-pfas
PFOS,New York,drinking water,enforceable,0.0000100,mg/L,state MCL,2020,Table 3 MCL (10 ng/L),https://www.health.ny.gov/regulations/nycrr/title_10/part_5/docs/subpart_5-1_tables.pdf
PFOS,California,drinking water,notification/action level,4.0,ng/L,UCMR5 minimum reporting level,2025,Notification level; response level 40 ng/L running annual average,https://www.waterboards.ca.gov/drinking_water/certlic/drinkingwater/documents/pfas/PFOS-revised-nl-issuance-20251028.pdf
PFOS,California,drinking water,health goal,1,ng/L,"OEHHA PHG, liver tumors",2024,PHG; no state MCL yet,https://www.waterboards.ca.gov/drinking_water/certlic/drinkingwater/documents/mclreview/mcls_dlrs_phgs.pdf
PFOS,New Jersey,drinking water,enforceable,13,ng/L,state MCL,2020,MCL adopted June 2020,https://asdwa.org/2020/06/02/new-jersey-adopts-new-pfoa-and-pfos-drinking-water-standards
PFOS,Michigan,drinking water,enforceable,16,ng/L,state MCL,2020,MCL effective Aug 2020,https://content.govdelivery.com/accounts/MIDEQ/bulletins/296ee62
PFOS,Minnesota,drinking water,guideline,2.3,ng/L,noncancer health-based value,2023,"MDH health-based value, non-enforceable",https://www.health.mn.gov/communities/environment/risk/docs/guidance/gw/pfosinfo.pdf
PFOS,Australia,drinking water,guideline,8,ng/L,health-based guideline value,2025,ADWG value finalized 25 June 2025; binding only once adopted by states,https://nhmrc.gov.au/node/8965
PFOS,Japan,drinking water,enforceable,50,ng/L,sum PFOS+PFOA,2026,"Sum of PFOS+PFOA, water quality standard from April 2026 (provisional target since 2020)",https://english.adnkronos.com/2026/03/23/japan-to-mandate-inspections-for-pfas-in-water-from-april/
PFOS,New Hampshire,groundwater,enforceable,0.015,µg/L,ambient groundwater quality standard,2021,AGQS Env-Or 603.03; also used as state drinking water MCL,https://www.des.nh.gov/sites/g/files/ehbemt341/files/documents/2020-01/Env-Or%20600.pdf
PFOA,WHO,drinking water,guideline,,ng/L,guideline development ongoing,2022,No guideline value set; 2022 draft not adopted; WHO advises keeping levels as low as reasonably practical,https://www.who.int/teams/environment-climate-change-and-health/water-sanitation-and-health/chemical-hazards-in-drinking-water/per-and-polyfluoroalkyl-substances
PFOA,WHO,drinking water,proposed,100,ng/L,2022 draft provisional value,2022,"Draft provisional guideline value each for PFOS and PFOA; not adopted, WHO reassessing",https://www.burges-salmon.com/articles/102jhoq/pfas-rethink-who-preparing-to-scrap-drinking-water-guidelines-for-pfas
PFOA,EU,drinking water,enforceable,0.10,µg/L,sum of 20 PFAS,2020,"Sum of 20 PFAS (10 PFCA + 10 PFSA, C4-C13) incl. PFOA, PFOS, PFHxS; applies from 12 Jan 2026",https://eur-lex.europa.eu/legal-content/EN/TXT/HTML/?uri=OJ:C_202404910
PFOA,EU,drinking water,enforceable,0.50,µg/L,PFAS Total,2020,PFAS Total (all PFAS); applies from 12 Jan 2026,https://eur-lex.europa.eu/legal-content/EN/TXT/HTML/?uri=OJ:C_202404910
PFOA,Denmark,drinking water,enforceable,0.002,µg/L,"sum of 4 PFAS, EFSA 2020 TWI",2023,Sum of PFOA+PFOS+PFNA+PFHxS; BEK 1023 of 29/06/2023 (first set 2021); also 0.1 µg/L sum of 22 PFAS,https://www.ft.dk/samling/20241/almdel/mof/spm/928/svar/2155061/3055031.pdf
PFOA,Germany,drinking water,enforceable,20,ng/L,sum of 4 PFAS,2023,"Sum of PFOA+PFOS+PFNA+PFHxS (PFAS-4), TrinkwV Anlage 2, applies from 12 Jan 2028; PFAS-20 sum 100 ng/L from 2026",https://www.umweltbundesamt.de/system/files/document/uba_empfehlung_umgang_abweichungen_pfas20_und_4.pdf
PFOA,Sweden,drinking water,enforceable,4,ng/L,sum of 4 PFAS,2022,"Sum of PFOA+PFOS+PFNA+PFHxS (PFAS 4), LIVSFS 2022:12, binding from 1 Jan 2026; PFAS 21 sum 100 ng/L",https://www.kemi.se/download/18.db1a89d18b37a78175b303/1697636850410/Gransvarden-och-riktvarden-for-PFAS.pdf
PFOA,Netherlands,drinking water,guideline,4.4,ng/L,"PFOA-equivalents, RIVM advice",2021,"RIVM advisory value, sum of PFAS expressed as PFOA-equivalents; legal limit follows EU 100 ng/L",https://www.rivm.nl/pfas/drinkwater
PFOA,Vermont,drinking water,enforceable,20,ng/L,sum of 5 PFAS,2019,Sum of PFOA+PFOS+PFHxS+PFHpA+PFNA; Water Supply Rule updated 2026 to align with EPA MCLs,https://dec.vermont.gov/sites/dec/files/documents/anr-dec-pfas-mcl-facatsheet-041024.pdf
PFOA,Canada,drinking water,guideline,30,ng/L,"sum of 25 PFAS, precautionary",2024,"Health Canada objective, sum of 25 PFAS; replaced individual PFOA/PFOS guidelines",https://www.canada.ca/en/health-canada/services/publications/healthy-living/guidelines-canadian-drinking-water-quality-technical-document-perfluorooctanoic-acid.html
PFOA,United States (EPA),drinking water,enforceable,4.0,ng/L,"cancer and noncancer, running annual average",2024,"MCL, running annual average; compliance 2029 (2031 extension proposed)",https://www.epa.gov/sdwa/and-polyfluoroalkyl-substances-pfas
PFOA,United States (EPA),drinking water,health goal,0,ng/L,carcinogen,2024,MCLG zero,https://www.epa.gov/sdwa/and-polyfluoroalkyl-substances-pfas
PFOA,New York,drinking water,enforceable,0.0000100,mg/L,state MCL,2020,Table 3 MCL (10 ng/L),https://www.health.ny.gov/regulations/nycrr/title_10/part_5/docs/subpart_5-1_tables.pdf
PFOA,California,drinking water,notification/action level,4.0,ng/L,UCMR5 minimum reporting level,2025,Notification level; response level 10 ng/L running annual average,https://www.waterboards.ca.gov/drinking_water/certlic/drinkingwater/documents/pfas/PFOA-nl-issuance-20251028.pdf
PFOA,California,drinking water,health goal,0.007,ng/L,"OEHHA PHG, lifetime cancer risk 1e-6",2024,PHG; no state MCL yet,https://www.waterboards.ca.gov/drinking_water/certlic/drinkingwater/documents/mclreview/mcls_dlrs_phgs.pdf
PFOA,New Jersey,drinking water,enforceable,14,ng/L,state MCL,2020,MCL adopted June 2020,https://asdwa.org/2020/06/02/new-jersey-adopts-new-pfoa-and-pfos-drinking-water-standards
PFOA,Michigan,drinking water,enforceable,8,ng/L,state MCL,2020,MCL effective Aug 2020,https://content.govdelivery.com/accounts/MIDEQ/bulletins/296ee62
PFOA,Minnesota,drinking water,guideline,0.0079,ng/L,"health-based value, kidney cancer and immune effects",2024,"MDH health-based value, non-enforceable",https://www.health.mn.gov/communities/environment/risk/docs/guidance/gw/pfoainfo.pdf
PFOA,Australia,drinking water,guideline,200,ng/L,health-based guideline value,2025,ADWG value finalized 25 June 2025,https://nhmrc.gov.au/node/8965
PFOA,Japan,drinking water,enforceable,50,ng/L,sum PFOS+PFOA,2026,"Sum of PFOS+PFOA, water quality standard from April 2026",https://english.adnkronos.com/2026/03/23/japan-to-mandate-inspections-for-pfas-in-water-from-april/
PFOA,New Hampshire,groundwater,enforceable,0.012,µg/L,ambient groundwater quality standard,2021,AGQS Env-Or 603.03; also used as state drinking water MCL,https://www.des.nh.gov/sites/g/files/ehbemt341/files/documents/2020-01/Env-Or%20600.pdf
PFHXS,WHO,drinking water,guideline,,ng/L,guideline development ongoing,2022,No guideline value set; 2022 draft not adopted; WHO advises keeping levels as low as reasonably practical,https://www.who.int/teams/environment-climate-change-and-health/water-sanitation-and-health/chemical-hazards-in-drinking-water/per-and-polyfluoroalkyl-substances
PFHXS,WHO,drinking water,proposed,100,ng/L,2022 draft provisional value,2022,"Draft provisional guideline value each for PFOS and PFOA; not adopted, WHO reassessing",https://www.burges-salmon.com/articles/102jhoq/pfas-rethink-who-preparing-to-scrap-drinking-water-guidelines-for-pfas
PFHXS,EU,drinking water,enforceable,0.10,µg/L,sum of 20 PFAS,2020,"Sum of 20 PFAS (10 PFCA + 10 PFSA, C4-C13) incl. PFOA, PFOS, PFHxS; applies from 12 Jan 2026",https://eur-lex.europa.eu/legal-content/EN/TXT/HTML/?uri=OJ:C_202404910
PFHXS,EU,drinking water,enforceable,0.50,µg/L,PFAS Total,2020,PFAS Total (all PFAS); applies from 12 Jan 2026,https://eur-lex.europa.eu/legal-content/EN/TXT/HTML/?uri=OJ:C_202404910
PFHXS,Denmark,drinking water,enforceable,0.002,µg/L,"sum of 4 PFAS, EFSA 2020 TWI",2023,Sum of PFOA+PFOS+PFNA+PFHxS; BEK 1023 of 29/06/2023 (first set 2021); also 0.1 µg/L sum of 22 PFAS,https://www.ft.dk/samling/20241/almdel/mof/spm/928/svar/2155061/3055031.pdf
PFHXS,Germany,drinking water,enforceable,20,ng/L,sum of 4 PFAS,2023,"Sum of PFOA+PFOS+PFNA+PFHxS (PFAS-4), TrinkwV Anlage 2, applies from 12 Jan 2028; PFAS-20 sum 100 ng/L from 2026",https://www.umweltbundesamt.de/system/files/document/uba_empfehlung_umgang_abweichungen_pfas20_und_4.pdf
PFHXS,Sweden,drinking water,enforceable,4,ng/L,sum of 4 PFAS,2022,"Sum of PFOA+PFOS+PFNA+PFHxS (PFAS 4), LIVSFS 2022:12, binding from 1 Jan 2026; PFAS 21 sum 100 ng/L",https://www.kemi.se/download/18.db1a89d18b37a78175b303/1697636850410/Gransvarden-och-riktvarden-for-PFAS.pdf
PFHXS,Netherlands,drinking water,guideline,4.4,ng/L,"PFOA-equivalents, RIVM advice",2021,"RIVM advisory value, sum of PFAS expressed as PFOA-equivalents; legal limit follows EU 100 ng/L",https://www.rivm.nl/pfas/drinkwater
PFHXS,Vermont,drinking water,enforceable,20,ng/L,sum of 5 PFAS,2019,Sum of PFOA+PFOS+PFHxS+PFHpA+PFNA; Water Supply Rule updated 2026 to align with EPA MCLs,https://dec.vermont.gov/sites/dec/files/documents/anr-dec-pfas-mcl-facatsheet-041024.pdf
PFHXS,Canada,drinking water,guideline,30,ng/L,"sum of 25 PFAS, precautionary",2024,"Health Canada objective, sum of 25 PFAS; replaced individual PFOA/PFOS guidelines",https://www.canada.ca/en/health-canada/services/publications/healthy-living/guidelines-canadian-drinking-water-quality-technical-document-perfluorooctanoic-acid.html
PFHXS,United States (EPA),drinking water,enforceable,10,ng/L,"immune, thyroid, liver effects",2024,"MCL; also in Hazard Index (1) with PFNA, HFPO-DA, PFBS; EPA proposed rescinding in 2025",https://www.epa.gov/sdwa/and-polyfluoroalkyl-substances-pfas
PFHXS,United States (EPA),drinking water,health goal,10,ng/L,noncancer,2024,MCLG,https://www.epa.gov/sdwa/and-polyfluoroalkyl-substances-pfas
PFHXS,New York,drinking water,enforceable,,mg/L,,2020,No NY MCL for PFHxS; covered only by EPA MCL,https://www.health.ny.gov/regulations/nycrr/title_10/part_5/docs/subpart_5-1_tables.pdf
PFHXS,California,drinking water,notification/action level,3.0,ng/L,UCMR5 minimum reporting level,2025,Notification level; response level 10 ng/L running annual average,https://www.waterboards.ca.gov/drinking_water/certlic/drinkingwater/documents/pfas/PFHxS-nl-issuance-20251028.pdf
PFHXS,Michigan,drinking water,enforceable,51,ng/L,state MCL,2020,MCL effective Aug 2020,https://content.govdelivery.com/accounts/MIDEQ/bulletins/296ee62
PFHXS,Minnesota,drinking water,guideline,47,ng/L,thyroid and liver effects,2019,"MDH health-based value (0.047 ppb), non-enforceable",https://www.health.mn.gov/communities/environment/risk/docs/guidance/gw/pfhxsinfo.pdf
PFHXS,Australia,drinking water,guideline,30,ng/L,health-based guideline value,2025,ADWG value finalized 25 June 2025,https://nhmrc.gov.au/node/8965
DIOXANE,WHO,drinking water,guideline,50,µg/L,cancer risk 1e-5 and TDI,2005,"Guideline value 0.05 mg/L; set in 2006 addendum, retained in 4th edition",https://cdn.who.int/media/docs/default-source/wash-documents/wash-chemicals/dioxane-bd.pdf?sfvrsn=1910104c_4
DIOXANE,EU,drinking water,enforceable,,µg/L,,2020,Not a parameter in Annex I of Directive 2020/2184,https://eur-lex.europa.eu/legal-content/EN/TXT/HTML/?uri=CELEX:32020L2184
DIOXANE,United States (EPA),drinking water,enforceable,,µg/L,,2018,No federal MCL,https://www.epa.gov/system/files/documents/2022-01/dwtable2018.pdf
DIOXANE,United States (EPA),drinking water,guideline,35,µg/L,lifetime cancer risk 1e-4,2018,Health advisory table 10^-4 cancer risk concentration,https://www.epa.gov/system/files/documents/2022-01/dwtable2018.pdf
DIOXANE,United States (EPA),drinking water,guideline,0.35,µg/L,lifetime cancer risk 1e-6,2010,EPA 1e-6 risk level as cited by California DDW,https://www.waterboards.ca.gov/drinking_water/certlic/drinkingwater/14-Dioxane.html
DIOXANE,New York,drinking water,enforceable,0.0010,mg/L,state MCL,2020,"Table 3 MCL (1 µg/L); first US MCL for 1,4-dioxane",https://www.health.ny.gov/regulations/nycrr/title_10/part_5/docs/subpart_5-1_tables.pdf
DIOXANE,California,drinking water,notification/action level,1,µg/L,detection limit above 1e-6 risk,2010,Notification level; response level 35 µg/L,https://www.waterboards.ca.gov/drinking_water/certlic/drinkingwater/14-Dioxane.html
DIOXANE,Japan,drinking water,enforceable,0.05,mg/L,water quality standard,2015,Standard item in Drinking Water Quality Standards,https://www.mhlw.go.jp/english/policy/health/water_supply/dl/4a.pdf
DIOXANE,Canada,drinking water,guideline,0.050,mg/L,MAC,2021,Health Canada MAC,https://www.canada.ca/en/health-canada/services/environmental-workplace-health/reports-publications/water-quality/guidelines-canadian-drinking-water-quality-summary-table.html
DIOXANE,New Jersey,groundwater,enforceable,0.4,µg/L,"ground water quality standard, EPA 1e-6 basis",2020,Ground Water Quality Standard; DWQI draft MCL 0.33 µg/L recommended 2020,https://www.nj.gov/dep/14-dioxane/docs/14-dioxane-factsheet.pdf
DIOXANE,New Jersey,drinking water,proposed,0.33,µg/L,lifetime cancer risk 1e-6,2020,"DWQI draft MCL recommendation, not adopted",https://www.nj.gov/dep/14-dioxane/docs/14-dioxane-factsheet.pdf
DIOXANE,New Hampshire,groundwater,enforceable,0.32,µg/L,ambient groundwater quality standard,2021,AGQS Env-Or 603.03; also used as state drinking water standard,https://www.des.nh.gov/sites/g/files/ehbemt341/files/documents/2020-01/Env-Or%20600.pdf
DIOXANE,Massachusetts,drinking water,guideline,0.3,µg/L,lifetime cancer risk 1e-6,2012,MassDEP Office of Research and Standards guideline (ORSG),https://www.mass.gov/info-details/faqs-14-dioxane
TOLUENE,WHO,drinking water,guideline,0.7,mg/L,"TDI, hepatotoxicity LOAEL, 10% allocation",2004,Exceeds odour threshold of 24 µg/L,https://cdn.who.int/media/docs/default-source/wash-documents/wash-chemicals/toluene.pdf?sfvrsn=1ec4225e_4
TOLUENE,EU,drinking water,enforceable,,µg/L,,2020,Not a parameter in Annex I of Directive 2020/2184,https://eur-lex.europa.eu/legal-content/EN/TXT/HTML/?uri=CELEX:32020L2184
TOLUENE,United States (EPA),drinking water,enforceable,1,mg/L,"nervous system, kidney, liver",1991,MCL,https://www.epa.gov/ground-water-and-drinking-water/national-primary-drinking-water-regulations
TOLUENE,United States (EPA),drinking water,health goal,1,mg/L,noncancer,1991,MCLG,https://www.epa.gov/ground-water-and-drinking-water/national-primary-drinking-water-regulations
TOLUENE,New York,drinking water,enforceable,0.005,mg/L,principal organic contaminant,2020,Toluene listed as POC (Table 9D); POC MCL 5 µg/L each,https://www.health.ny.gov/regulations/nycrr/title_10/part_5/docs/subpart_5-1_tables.pdf
TOLUENE,California,drinking water,enforceable,150,µg/L,state MCL,1999,MCL,https://www.waterboards.ca.gov/drinking_water/certlic/drinkingwater/documents/mclreview/mcls_dlrs_phgs.pdf
TOLUENE,California,drinking water,health goal,150,µg/L,OEHHA PHG,1999,PHG,https://www.waterboards.ca.gov/drinking_water/certlic/drinkingwater/documents/mclreview/mcls_dlrs_phgs.pdf
TOLUENE,Canada,drinking water,guideline,0.06,mg/L,neurological effects,2014,MAC; aesthetic objective 0.024 mg/L,https://www.canada.ca/content/dam/canada/health-canada/migration/healthy-canadians/publications/healthy-living-vie-saine/water-toluene-eau/alt/water-toluene-eau-eng.pdf
TOLUENE,Australia,drinking water,guideline,0.8,mg/L,13-week rat NOEL 312 mg/kg/d,2013,Health guideline; aesthetic (taste/odour) value 0.025 mg/L,https://guidelines.nhmrc.gov.au/australian-drinking-water-guidelines/part-5/physical-chemical-characteristics/toluene-casrn-108-88-3
TOLUENE,Japan,drinking water,guideline,0.4,mg/L,"target value, complementary item",2015,Non-binding target value for complementary items,https://www.mhlw.go.jp/english/policy/health/water_supply/dl/4b.pdf
TOLUENE,New Hampshire,groundwater,enforceable,700,µg/L,ambient groundwater quality standard,2021,AGQS Env-Or 603.03,https://www.des.nh.gov/sites/g/files/ehbemt341/files/documents/2020-01/Env-Or%20600.pdf
XYLENE,WHO,drinking water,guideline,0.5,mg/L,"TDI from rat NOAEL, 10% allocation",2003,Total xylenes; exceeds odour threshold of 20 µg/L,https://cdn.who.int/media/docs/default-source/wash-documents/wash-chemicals/xylenes.pdf?sfvrsn=a07f8139_4
XYLENE,EU,drinking water,enforceable,,µg/L,,2020,Not a parameter in Annex I of Directive 2020/2184,https://eur-lex.europa.eu/legal-content/EN/TXT/HTML/?uri=CELEX:32020L2184
XYLENE,United States (EPA),drinking water,enforceable,10,mg/L,nervous system damage,1991,"MCL, total xylenes",https://www.epa.gov/ground-water-and-drinking-water/national-primary-drinking-water-regulations
XYLENE,United States (EPA),drinking water,health goal,10,mg/L,noncancer,1991,"MCLG, total xylenes",https://www.epa.gov/ground-water-and-drinking-water/national-primary-drinking-water-regulations
XYLENE,New York,drinking water,enforceable,0.005,mg/L,principal organic contaminant,2020,"m-, o-, p-xylene each listed as POC (Table 9D); POC MCL 5 µg/L each",https://www.health.ny.gov/regulations/nycrr/title_10/part_5/docs/subpart_5-1_tables.pdf
XYLENE,California,drinking water,enforceable,1750,µg/L,state MCL,1997,"MCL, xylenes",https://www.waterboards.ca.gov/drinking_water/certlic/drinkingwater/documents/mclreview/mcls_dlrs_phgs.pdf
XYLENE,California,drinking water,health goal,1800,µg/L,OEHHA PHG,1997,"PHG, xylenes",https://www.waterboards.ca.gov/drinking_water/certlic/drinkingwater/documents/mclreview/mcls_dlrs_phgs.pdf
XYLENE,Canada,drinking water,guideline,0.09,mg/L,neurological effects,2014,MAC total xylenes; aesthetic objective 0.02 mg/L,https://www.canada.ca/content/dam/canada/health-canada/migration/healthy-canadians/publications/healthy-living-vie-saine/water-toluene-eau/alt/water-toluene-eau-eng.pdf
XYLENE,Australia,drinking water,guideline,0.6,mg/L,2-year rat NOEL 250 mg/kg/d,2013,Health guideline; aesthetic (taste/odour) value 0.02 mg/L,https://guidelines.nhmrc.gov.au/australian-drinking-water-guidelines/part-5/physical-chemical-characteristics/xylenes-casrn-1330-20-7
XYLENE,New Hampshire,groundwater,enforceable,10000,µg/L,ambient groundwater quality standard,2021,"AGQS Env-Or 603.03, mixed isomers",https://www.des.nh.gov/sites/g/files/ehbemt341/files/documents/2020-01/Env-Or%20600.pdf
TTHM,WHO,drinking water,guideline,300,µg/L,"chloroform, hepatotoxicity TDI",2011,"Per-THM values: chloroform 300, bromoform 100, DBCM 100, BDCM 60; sum of concentration/GV ratios must not exceed 1",https://support.esdat.net/Environmental%20Standards/who/who_4th_edition_tables.pdf
TTHM,WHO,drinking water,guideline,60,µg/L,"bromodichloromethane, cancer risk 1e-5",2011,Strictest single THM value in WHO set; total THMs governed by sum-of-ratios rule (ratios sum ≤ 1),https://support.esdat.net/Environmental%20Standards/who/who_4th_edition_tables.pdf
TTHM,EU,drinking water,enforceable,100,µg/L,precautionary; as low as possible without compromising disinfection,2020,"Sum of chloroform, bromodichloromethane, dibromochloromethane and bromoform; Directive 2020/2184 Annex I Part B",https://eur-lex.europa.eu/legal-content/EN/TXT/HTML/?uri=CELEX:32020L2184
TTHM,United States (EPA),drinking water,enforceable,0.080,mg/L,cancer/liver/kidney/CNS effects; group MCL,2006,Stage 2 DBPR; locational running annual average (LRAA) of quarterly samples; sum of four THMs,https://www.epa.gov/ground-water-and-drinking-water/national-primary-drinking-water-regulations
TTHM,New York,drinking water,enforceable,0.080,mg/L,adopts federal Stage 2 MCL,2006,12-month locational running annual average of four quarterly samples; community and NTNC systems,https://www.health.ny.gov/regulations/nycrr/title_10/part_5/docs/subpart_5-1_tables.pdf
TTHM,California,drinking water,enforceable,80,µg/L,adopts federal Stage 2 MCL,2006,State MCL effective 2006-06-17; no PHG set for TTHM,https://www.waterboards.ca.gov/drinking_water/certlic/drinkingwater/documents/mclreview/mcls_dlrs_phgs.pdf
TTHM,Germany,drinking water,enforceable,0.050,mg/L,precautionary (minimisation principle),2023,"TrinkwV 2023 Anlage 2; sum of chloroform, BDCM, DBCM, bromoform; up to 0.10 mg/L allowed temporarily for hazard prevention",https://gesetze.legal/bund/trinkwv/anlage_2
TTHM,Japan,drinking water,enforceable,0.1,mg/L,"health-based, total THMs",2015,"Total THMs 0.1; individually chloroform 0.06, bromoform 0.09, BDCM 0.03, DBCM 0.1 mg/L",https://www.mhlw.go.jp/english/policy/health/water_supply/dl/4a.pdf
TTHM,Japan,drinking water,enforceable,0.03,mg/L,"bromodichloromethane, health-based",2015,Strictest single-THM standard in Japan's set (BDCM 0.03 mg/L),https://www.mhlw.go.jp/english/policy/health/water_supply/dl/4a.pdf
TTHM,Australia,drinking water,guideline,0.25,mg/L,"NOEL 7 mg/kg bw/day, 90-day rat, SF 100",1996,ADWG health guideline; applies to total of any combination of THMs; occasional excursions to 1 mg/L tolerated,https://guidelines.nhmrc.gov.au/australian-drinking-water-guidelines/part-5/physical-chemical-characteristics/trihalomethanes-thms
TTHM,Canada,drinking water,guideline,0.10,mg/L,ALARA; cancer risk,2008,MAC for total THMs; locational running annual average of quarterly samples,https://www.canada.ca/en/health-canada/services/environmental-workplace-health/reports-publications/water-quality/guidelines-canadian-drinking-water-quality-summary-table.html
HAA5,WHO,drinking water,guideline,20,µg/L,"monochloroacetate, TDI",2011,"Per-HAA values: MCA 20, DCA 50 (provisional), TCA 200 µg/L; no WHO total-HAA value",https://support.esdat.net/Environmental%20Standards/who/who_4th_edition_tables.pdf
HAA5,WHO,drinking water,guideline,50,µg/L,"dichloroacetate, cancer (provisional)",2011,Dichloroacetate provisional GV 50 µg/L; trichloroacetate 200 µg/L,https://support.esdat.net/Environmental%20Standards/who/who_4th_edition_tables.pdf
HAA5,EU,drinking water,enforceable,60,µg/L,precautionary; new parameter,2020,"Sum of five HAAs (mono-, di-, trichloroacetic; mono-, dibromoacetic); measured only where HAA-forming disinfection used",https://eur-lex.europa.eu/legal-content/EN/TXT/HTML/?uri=CELEX:32020L2184
HAA5,United States (EPA),drinking water,enforceable,0.060,mg/L,cancer risk; group MCL,2006,Stage 2 DBPR; sum of five HAAs; locational running annual average,https://www.epa.gov/ground-water-and-drinking-water/national-primary-drinking-water-regulations
HAA5,New York,drinking water,enforceable,0.060,mg/L,adopts federal Stage 2 MCL,2006,12-month locational running annual average of quarterly samples; sum of five HAAs,https://www.health.ny.gov/regulations/nycrr/title_10/part_5/docs/subpart_5-1_tables.pdf
HAA5,California,drinking water,enforceable,60,µg/L,adopts federal Stage 2 MCL,2006,State MCL effective 2006-06-17,https://www.waterboards.ca.gov/drinking_water/certlic/drinkingwater/documents/mclreview/mcls_dlrs_phgs.pdf
HAA5,Germany,drinking water,enforceable,0.060,mg/L,precautionary; transposes EU 2020/2184,2023,TrinkwV 2023 Anlage 2 HAA-5; effective 12 Jan 2026; testing may be omitted where no HAA-forming disinfectant used,https://gesetze.legal/bund/trinkwv/anlage_2
HAA5,Japan,drinking water,enforceable,0.02,mg/L,"chloroacetic acid, health-based",2015,"Per-acid standards: chloroacetic 0.02, dichloroacetic 0.03, trichloroacetic 0.03 mg/L; no total",https://www.mhlw.go.jp/english/policy/health/water_supply/dl/4a.pdf
HAA5,Canada,drinking water,guideline,0.08,mg/L,ALARA; cancer risk,2008,"MAC for sum of MCA, DCA, TCA, MBA, DBA; locational running annual average",https://www.canada.ca/en/health-canada/services/environmental-workplace-health/reports-publications/water-quality/guidelines-canadian-drinking-water-quality-summary-table.html
MICROCYSTIN,WHO,drinking water,guideline,1,µg/L,"lifetime; NOAEL 40 µg/kg bw/day mouse 13-wk, liver",2020,Provisional lifetime GV for total microcystins (as MC-LR); short-term GV 12 µg/L,https://cdn.who.int/media/docs/default-source/wash-documents/wash-chemicals/microcystins-background-201223.pdf
MICROCYSTIN,WHO,drinking water,guideline,12,µg/L,"short-term (~2 weeks), liver NOAEL",2020,Provisional short-term drinking-water GV; use during bloom events only,https://cdn.who.int/media/docs/default-source/wash-documents/wash-chemicals/microcystins-background-201223.pdf
MICROCYSTIN,WHO,recreational water,guideline,24,µg/L,liver NOAEL; child swimmer ingestion,2020,Provisional recreational GV for total microcystins; adopted into 2021 WHO recreational guidelines,https://cdn.who.int/media/docs/default-source/wash-documents/wash-chemicals/microcystins-background-201223.pdf
MICROCYSTIN,EU,drinking water,enforceable,1,µg/L,WHO lifetime value,2020,Microcystin-LR; Directive 2020/2184 Annex I Part B; measured only when blooms are possible in source water,https://eur-lex.europa.eu/legal-content/EN/TXT/HTML/?uri=CELEX:32020L2184
MICROCYSTIN,United States (EPA),drinking water,guideline,0.3,µg/L,"10-day HA; LOAEL 50 µg/kg/day rat liver, UF 1000; children <6",2015,10-day Health Advisory for bottle-fed infants and pre-school children; total microcystins as MC-LR; no MCL,https://www.epa.gov/sites/default/files/2017-06/documents/microcystins-report-2015.pdf
MICROCYSTIN,United States (EPA),drinking water,guideline,1.6,µg/L,"10-day HA; 80 kg adult, 0.03 L/kg/day",2015,10-day Health Advisory for school-age children and adults,https://www.epa.gov/sites/default/files/2017-06/documents/microcystins-report-2015.pdf
MICROCYSTIN,United States (EPA),recreational water,guideline,8,µg/L,child incidental ingestion; liver,2019,Recommended CWA 304(a) recreational criterion and swimming advisory; not exceeded on any day for advisory; 10-day assessment for criteria,https://19january2021snapshot.epa.gov/sites/static/files/2019-05/documents/hh-rec-criteria-habs-factsheet-2019.pdf
MICROCYSTIN,New York,drinking water,notification/action level,0.3,µg/L,EPA 10-day HA for children under 6,2018,NYSDOH: Do Not Drink advisory when finished water exceeds 0.3 µg/L microcystins; notification for any detection,https://Health.NY.Gov/environmental/water/drinking/bluegreenalgae/docs/drinkingwaternotificationhabs.pdf
MICROCYSTIN,Ohio,drinking water,notification/action level,0.3,µg/L,EPA 10-day HA; sensitive populations,2022,"OAC 3745-90-02 action level for under-6, pregnant, nursing, dialysis, liver-impaired; 1.6 µg/L general population",https://codes.ohio.gov/ohio-administrative-code/rule-3745-90-02
MICROCYSTIN,Ohio,drinking water,notification/action level,1.6,µg/L,EPA 10-day HA; general population,2022,OAC 3745-90-02 do-not-drink action level for all individuals,https://codes.ohio.gov/ohio-administrative-code/rule-3745-90-02
MICROCYSTIN,Oregon,drinking water,notification/action level,0.3,µg/L,EPA 10-day HA; vulnerable populations,2018,OHA cyanotoxin rules (eff. 2018-12-27; revised 2025-01-01); 1.6 µg/L general population,https://www.oregon.gov/oha/ph/healthyenvironments/drinkingwater/operations/treatment/pages/algae.aspx
MICROCYSTIN,Vermont,drinking water,notification/action level,0.3,µg/L,set at lab minimum reporting level (prior VHA 0.16),2024,Vermont Health Advisory for microcystin raised from 0.16 to 0.3 µg/L in 2024 to match MRL; Do Not Drink trigger,https://dec.vermont.gov/sites/dec/files/dwgwp/bluegreen/DWGPD-Cyanotoxin-Practice-July-2024.pdf
MICROCYSTIN,Minnesota,drinking water,guideline,0.1,µg/L,"chronic RfD 6.8e-6 mg/kg-d, RSC 0.8",2015,MDH health-based value for microcystin-LR; same 0.1 µg/L for short-term/subchronic/chronic; strictest US value,https://www.health.mn.gov/communities/environment/risk/docs/guidance/gw/microcystin.pdf
MICROCYSTIN,California,recreational water,notification/action level,0.8,µg/L,OEHHA child swimmer ingestion,2012,OEHHA recreational action level for microcystins; basis of California HAB advisory signage tiers,https://www.oehha.ca.gov/habs/cyanobacteria-harmful-algal-blooms-habs-and-cyanotoxins-recreational-waters
MICROCYSTIN,Canada,drinking water,guideline,0.0015,mg/L,seasonal MAC; short-term rat liver toxicity,2018,Total microcystins; infants: use alternate water for formula above 0.4 µg/L,https://www.canada.ca/en/health-canada/services/environmental-workplace-health/reports-publications/water-quality/guidelines-canadian-drinking-water-quality-summary-table.html
MICROCYSTIN,Canada,recreational water,guideline,10,µg/L,child incidental ingestion,2022,Total microcystins maximum for primary-contact recreation; cyanobacteria cell trigger 50000 cells/mL,https://www.canada.ca/en/health-canada/services/publications/healthy-living/guidance-canadian-recreational-water-quality-cyanobacteria-toxins.html
MICROCYSTIN,Australia,drinking water,guideline,1.3,µg/L,"NOAEL 40 µg/kg/day, 70 kg, 2 L/day, 0.9, SF 1000",2011,ADWG health guideline for total microcystins as MC-LR toxicity equivalents,https://guidelines.nhmrc.gov.au/australian-drinking-water-guidelines/part-5/microorganisms/cyanobacteria-and-their-toxins/microcystins
FECAL,WHO,recreational water,guideline,40,cfu/100 mL,intestinal enterococci; GI illness risk <1%,2021,Category A upper bound (95th percentile); Category B 41-200 (1-5% GI risk); no E. coli guideline value set,https://www.rsu.lv/sites/default/files/book_download/9789240031302-eng.pdf
FECAL,WHO,recreational water,guideline,200,cfu/100 mL,intestinal enterococci; GI illness risk 1-5%,2021,Category B upper bound (95th percentile); C 201-500; D >500,https://www.rsu.lv/sites/default/files/book_download/9789240031302-eng.pdf
FECAL,EU,drinking water,enforceable,0,cfu/100 mL,pathogen indicator; zero tolerance,2020,Escherichia coli 0 CFU/100 ml and Enterococci 0 CFU/100 ml; Directive 2020/2184 Annex I Part A,https://eur-lex.europa.eu/legal-content/EN/TXT/HTML/?uri=CELEX:32020L2184
FECAL,EU,recreational water,enforceable,500,cfu/100 mL,"E. coli; epidemiological, inland waters",2006,"Bathing Water Directive 2006/7 'Excellent' inland: E. coli 500, intestinal enterococci 200 (95th percentile); Good 1000/400",https://eur-lex.europa.eu/legal-content/EN/TXT/HTML/?uri=CELEX:32006L0007
FECAL,EU,recreational water,enforceable,200,cfu/100 mL,intestinal enterococci; inland waters,2006,"Bathing Water Directive 'Excellent' inland enterococci, 95th percentile; coastal Excellent 100 enterococci / 250 E. coli",https://eur-lex.europa.eu/legal-content/EN/TXT/HTML/?uri=CELEX:32006L0007
FECAL,United States (EPA),drinking water,health goal,0,cfu/100 mL,pathogen indicator; MCLG zero,2013,MCLG zero for coliforms incl. E. coli; RTCR: any confirmed E. coli-positive sample is an MCL violation,https://www.epa.gov/ground-water-and-drinking-water/national-primary-drinking-water-regulations
FECAL,United States (EPA),recreational water,guideline,126,cfu/100 mL,E. coli; 36 NGI illness per 1000 swimmers,2012,2012 RWQC geometric mean (30-day) for fresh water; STV 410; alternative 100 GM / 320 STV at 32 NGI,https://www.epa.gov/sites/default/files/2015-10/documents/rwqc2012.pdf
FECAL,United States (EPA),recreational water,guideline,35,cfu/100 mL,enterococci; 36 NGI illness per 1000 swimmers,2012,2012 RWQC geometric mean (marine and fresh); STV 130; alternative 30 GM / 110 STV at 32 NGI,https://www.epa.gov/sites/default/files/2015-10/documents/rwqc2012.pdf
FECAL,New York,drinking water,enforceable,0,cfu/100 mL,pathogen indicator; no positive samples,2013,Part 5 Subpart 5-1: E. coli MCL = no positive samples; confirmed E. coli-positive routine plus repeat is a violation,https://www.health.ny.gov/regulations/nycrr/title_10/part_5/docs/subpart_5-1_tables.pdf
FECAL,New York,recreational water,enforceable,235,cfu/100 mL,E. coli; freshwater bathing beach,2012,10 NYCRR 6-2.15 single-sample maximum; 30-day geometric mean 126; fecal coliform 1000 single / 200 GM,https://regs.health.ny.gov/node/48510
FECAL,New York,recreational water,enforceable,35,cfu/100 mL,enterococci; marine bathing beach,2012,10 NYCRR 6-2.15 30-day geometric mean; single sample 104,https://regs.health.ny.gov/node/48510
FECAL,Canada,recreational water,guideline,200,cfu/100 mL,E. coli; fresh water primary contact,2012,Geometric mean of at least 5 samples; single-sample maximum 400; enterococci 35 GM / 70 single (2012 values),https://www.canada.ca/en/health-canada/services/publications/healthy-living/recreational-water-quality-guidelines-indicators-fecal-contamination/development-updated-guidelines.html
FECAL,Canada,drinking water,guideline,0,cfu/100 mL,pathogen indicator; none detectable,2020,MAC E. coli none detectable per 100 mL,https://www.canada.ca/en/health-canada/services/environmental-workplace-health/reports-publications/water-quality/guidelines-canadian-drinking-water-quality-summary-table.html
FECAL,Australia,recreational water,guideline,40,cfu/100 mL,intestinal enterococci; GI illness <1%,2008,NHMRC Category A upper bound (95th percentile); B 41-200; C 201-500; D >500,https://www.environment.nsw.gov.au/sites/default/files/2025-08/beachwatch-how-we-report-beach-grades-250292_2.pdf
FECAL,Japan,drinking water,enforceable,0,cfu/100 mL,pathogen indicator; not to be detected,2015,E. coli 'not to be detected' drinking water quality standard,https://www.mhlw.go.jp/english/policy/health/water_supply/dl/4a.pdf
FECAL,Hong Kong,recreational water,guideline,180,cfu/100 mL,E. coli; ~10 minor illness cases per 1000 swimmers,2005,"Beach Water Quality Objective, geometric mean of 5 most recent samples; single sample >1600 forces 'Very Poor' grade",https://www.epd.gov.hk/epd/misc/beach_report/2005/eng/page4.htm
FECAL,Switzerland,recreational water,guideline,100,cfu/100 mL,E. coli; class A (excellent) bathing water,2013,BAFU/BAG 2013 recommendation as applied by cantonal lab St. Gallen: class A E. coli <100; class D >1000 KBE/100 ml,https://sg.ch/content/dam/sgch/gesundheit-soziales/verbraucherschutz/wasser/badewasser/badewasserqualit%C3%A4t-downloadliste/WCI031_Badewasserqualitaet%20Naturbaeder%202024_Juni.pdf
