Date,MaxT,MinT,Precip,Snow,SnowDepth
2021-03-29,M,M,0.54,M,M
2021-03-30,M,M,M,M,M
2021-03-31,M,M,M,M,M
2021-04-01,M,M,0.44,M,M
2021-04-02,M,M,M,M,M
2021-04-03,M,M,M,M,M
2021-04-04,M,M,M,M,M
2021-04-05,M,M,M,M,M
2021-04-06,M,M,M,M,M
2021-04-07,M,M,M,M,M
2021-04-08,M,M,M,M,M
2021-04-09,M,M,M,M,M
2021-04-10,M,M,M,M,M
2021-04-11,M,M,M,M,M
2021-04-12,M,M,0.08,M,M
2021-04-13,M,M,0.14,M,M
2021-04-14,M,M,M,M,M
2021-04-15,M,M,T,M,M
2021-04-16,M,M,1.32,M,M
2021-04-17,M,M,0.25,M,M
2021-04-18,M,M,0.00,0.0,M
2021-04-19,M,M,0.00,0.0,M
2021-04-20,M,M,T,M,M
2021-04-21,M,M,0.06,M,M
2021-04-22,M,M,M,M,M
2021-04-23,M,M,T,M,M
2021-04-24,M,M,M,M,M
2021-04-25,M,M,0.09,M,M
2021-04-26,M,M,M,M,M
2021-04-27,M,M,M,M,M
2021-04-28,M,M,0.05,M,M
2021-04-29,M,M,0.17,M,M
2021-04-30,M,M,1.71,M,M
2021-05-01,M,M,S,M,M
2021-05-02,M,M,M,M,M
2021-05-03,M,M,M,M,M
2021-05-04,M,M,0.66A,M,M
2021-05-05,M,M,0.17,M,M
2021-05-06,M,M,0.27,M,M
2021-05-07,M,M,M,M,M
2021-05-08,M,M,M,M,M
2021-05-09,M,M,M,M,M
2021-05-10,M,M,0.33,M,M
2021-05-11,M,M,M,M,M
2021-05-12,M,M,T,M,M
2021-05-13,M,M,0.00,0.0,M
2021-05-14,M,M,0.00,0.0,M
2021-05-15,M,M,M,M,M
2021-05-16,M,M,T,M,M
2021-05-17,M,M,0.00,0.0,M
2021-05-18,M,M,0.00,0.0,M
2021-05-19,M,M,0.00,0.0,M
2021-05-20,M,M,0.00,0.0,M
2021-05-21,M,M,0.00,0.0,M
2021-05-22,M,M,0.00,0.0,M
2021-05-23,M,M,0.00,0.0,M
2021-05-24,M,M,0.00,0.0,M
2021-05-25,M,M,0.00,0.0,M
2021-05-26,M,M,0.00,0.0,M
2021-05-27,M,M,0.18,M,M
2021-05-28,M,M,0.00,0.0,M
2021-05-29,M,M,0.73,M,M
2021-05-30,M,M,0.19,M,M
2021-05-31,M,M,0.83,M,M
2021-06-01,M,M,0.01,M,M
2021-06-02,M,M,0.00,0.0,M
2021-06-03,M,M,0.37,M,M
2021-06-04,M,M,0.57,M,M
2021-06-05,M,M,0.00,0.0,M
2021-06-06,M,M,0.00,0.0,M
2021-06-07,M,M,0.00,0.0,M
2021-06-08,M,M,0.00,0.0,M
2021-06-09,M,M,0.30,M,M
2021-06-10,M,M,1.03,M,M
2021-06-11,M,M,0.00,0.0,M
2021-06-12,M,M,0.20,M,M
2021-06-13,M,M,T,M,M
2021-06-14,M,M,0.21,M,M
2021-06-15,M,M,1.31,M,M
2021-06-16,M,M,T,M,M
2021-06-17,M,M,0.00,0.0,M
2021-06-18,M,M,0.00,0.0,M
2021-06-19,M,M,T,M,M
2021-06-20,M,M,0.09,M,M
2021-06-21,M,M,0.00,0.0,M
2021-06-22,M,M,0.12,M,M
2021-06-23,M,M,0.08,M,M
2021-06-24,M,M,0.00,0.0,M
2021-06-25,M,M,0.00,0.0,M
2021-06-26,M,M,0.00,0.0,M
2021-06-27,M,M,0.00,0.0,M
2021-06-28,M,M,0.00,0.0,M
2021-06-29,M,M,0.00,0.0,M
2021-06-30,M,M,0.14,M,M
2021-07-01,M,M,0.40,M,M
2021-07-02,M,M,0.63,M,M
2021-07-03,M,M,0.33,M,M
2021-07-04,M,M,0.19,M,M
2021-07-05,M,M,0.08,M,M
2021-07-06,M,M,M,M,M
2021-07-07,M,M,0.43,M,M
2021-07-08,M,M,0.95,M,M
2021-07-09,M,M,0.52,M,M
2021-07-10,M,M,0.07,M,M
2021-07-11,M,M,0.00,0.0,M
2021-07-12,M,M,1.63,M,M
2021-07-13,M,M,0.20,M,M
2021-07-14,M,M,0.08,M,M
2021-07-15,M,M,0.13,M,M
2021-07-16,M,M,T,M,M
2021-07-17,M,M,0.00,0.0,M
2021-07-18,M,M,0.80,M,M
2021-07-19,M,M,0.82,M,M
2021-07-20,M,M,0.06,M,M
2021-07-21,M,M,0.64,M,M
2021-07-22,M,M,0.08,M,M
2021-07-23,M,M,0.00,0.0,M
2021-07-24,M,M,T,M,M
2021-07-25,M,M,0.06,M,M
2021-07-26,M,M,0.15,M,M
2021-07-27,M,M,M,M,M
2021-07-28,M,M,0.22,M,M
2021-07-29,M,M,T,M,M
2021-07-30,M,M,0.93,M,M
2021-07-31,M,M,S,M,M
2021-08-01,M,M,M,M,M
2021-08-02,M,M,0.36A,M,M
2021-08-03,M,M,0.00,0.0,M
2021-08-04,M,M,0.00,0.0,M
2021-08-05,M,M,0.00,0.0,M
2021-08-06,M,M,0.00,0.0,M
2021-08-07,M,M,0.00,0.0,M
2021-08-08,M,M,0.00,0.0,M
2021-08-09,M,M,0.00,0.0,M
2021-08-10,M,M,0.00,0.0,M
2021-08-11,M,M,0.00,0.0,M
2021-08-12,M,M,0.00,0.0,M
2021-08-13,M,M,S,M,M
2021-08-14,M,M,M,M,M
2021-08-15,M,M,M,M,M
2021-08-16,M,M,M,M,M
2021-08-17,M,M,1.08A,M,M
2021-08-18,M,M,0.04,M,M
2021-08-19,M,M,0.57,M,M
2021-08-20,M,M,0.82,M,M
2021-08-21,M,M,0.18,M,M
2021-08-22,M,M,0.08,M,M
2021-08-23,M,M,2.38,M,M
2021-08-24,M,M,0.16,M,M
2021-08-25,M,M,0.00,0.0,M
2021-08-26,M,M,T,M,M
2021-08-27,M,M,0.00,0.0,M
2021-08-28,M,M,0.00,0.0,M
2021-08-29,M,M,0.04,M,M
2021-08-30,M,M,0.00,0.0,M
2021-08-31,M,M,0.00,0.0,M
2021-09-01,M,M,0.00,0.0,M
2021-09-02,M,M,1.71,M,M
2021-09-03,M,M,0.00,0.0,M
2021-09-04,M,M,0.00,0.0,M
2021-09-05,M,M,0.00,0.0,M
2021-09-06,M,M,0.06,M,M
2021-09-07,M,M,T,M,M
2021-09-08,M,M,0.00,0.0,M
2021-09-09,M,M,0.91,M,M
2021-09-10,M,M,0.00,0.0,M
2021-09-11,M,M,0.00,0.0,M
2021-09-12,M,M,0.00,0.0,M
2021-09-13,M,M,0.29,M,M
2021-09-14,M,M,0.00,0.0,M
2021-09-15,M,M,0.00,0.0,M
2021-09-16,M,M,0.51,M,M
2021-09-17,M,M,T,M,M
2021-09-18,M,M,0.00,0.0,M
2021-09-19,M,M,0.00,0.0,M
2021-09-20,M,M,0.00,0.0,M
2021-09-21,M,M,0.00,0.0,M
2021-09-22,M,M,0.00,0.0,M
2021-09-23,M,M,T,M,M
2021-09-24,M,M,2.38,M,M
2021-09-25,M,M,0.00,0.0,M
2021-09-26,M,M,0.00,0.0,M
2021-09-27,M,M,0.00,0.0,M
2021-09-28,M,M,0.03,M,M
2021-09-29,M,M,0.00,0.0,M
2021-09-30,M,M,0.03,M,M
2021-10-01,M,M,0.03,M,M
2021-10-02,M,M,0.00,0.0,M
2021-10-03,M,M,0.00,0.0,M
2021-10-04,M,M,1.29,M,M
2021-10-05,M,M,0.82,M,M
2021-10-06,M,M,0.13,M,M
2021-10-07,M,M,0.00,0.0,M
2021-10-08,M,M,0.00,0.0,M
2021-10-09,M,M,M,M,M
2021-10-10,M,M,0.00,0.0,M
2021-10-11,M,M,0.00,0.0,M
2021-10-12,M,M,0.00,0.0,M
2021-10-13,M,M,0.00,0.0,M
2021-10-14,M,M,0.00,0.0,M
2021-10-15,M,M,0.00,0.0,M
2021-10-16,M,M,S,M,M
2021-10-17,M,M,1.67A,M,M
2021-10-18,M,M,0.03,M,M
2021-10-19,M,M,T,M,M
2021-10-20,M,M,0.00,0.0,M
2021-10-21,M,M,0.00,0.0,M
2021-10-22,M,M,0.05,M,M
2021-10-23,M,M,0.00,0.0,M
2021-10-24,M,M,0.00,0.0,M
2021-10-25,M,M,0.55,M,M
2021-10-26,M,M,S,M,M
2021-10-27,M,M,2.90A,M,M
2021-10-28,M,M,T,M,M
2021-10-29,M,M,0.00,0.0,M
2021-10-30,M,M,0.12,M,M
2021-10-31,M,M,0.20,M,M
2021-11-01,M,M,0.00,0.0,M
2021-11-02,M,M,0.00,0.0,M
2021-11-03,M,M,0.00,0.0,M
2021-11-04,M,M,0.00,0.0,M
2021-11-05,M,M,0.00,0.0,M
2021-11-06,M,M,0.00,0.0,M
2021-11-07,M,M,0.00,0.0,M
2021-11-08,M,M,0.00,0.0,M
2021-11-09,M,M,0.00,0.0,M
2021-11-10,M,M,0.05,M,M
2021-11-11,M,M,0.01,M,M
2021-11-12,M,M,T,M,M
2021-11-13,M,M,1.04,M,M
2021-11-14,M,M,0.56,M,M
2021-11-15,M,M,0.06,M,M
2021-11-16,M,M,0.04,M,M
2021-11-17,M,M,T,0.0,M
2021-11-18,M,M,0.00,0.0,M
2021-11-19,M,M,0.09,M,M
2021-11-20,M,M,0.01,M,M
2021-11-21,M,M,0.00,0.0,M
2021-11-22,M,M,0.04,M,M
2021-11-23,M,M,0.00,0.0,M
2021-11-24,M,M,0.00,0.0,M
2021-11-25,M,M,0.00,0.0,M
2021-11-26,M,M,M,M,M
2021-11-27,M,M,M,M,M
2021-11-28,M,M,M,M,M
2021-11-29,M,M,M,M,M
2021-11-30,M,M,M,M,M
2021-12-01,M,M,M,M,M
2021-12-02,M,M,M,M,M
2021-12-03,M,M,M,M,M
2021-12-04,M,M,M,M,M
2021-12-05,M,M,M,M,M
2021-12-06,M,M,M,M,M
2021-12-07,M,M,M,M,M
2021-12-08,M,M,M,M,M
2021-12-09,M,M,M,M,M
2021-12-10,M,M,M,M,M
2021-12-11,M,M,M,M,M
2021-12-12,M,M,M,M,M
2021-12-13,M,M,M,M,M
2021-12-14,M,M,M,M,M
2021-12-15,M,M,M,M,M
2021-12-16,M,M,M,M,M
2021-12-17,M,M,M,M,M
2021-12-18,M,M,M,M,M
2021-12-19,M,M,M,M,M
2021-12-20,M,M,M,M,M
2021-12-21,M,M,M,M,M
2021-12-22,M,M,M,M,M
2021-12-23,M,M,M,M,M
2021-12-24,M,M,M,M,M
2021-12-25,M,M,M,M,M
2021-12-26,M,M,M,M,M
2021-12-27,M,M,M,M,M
2021-12-28,M,M,M,M,M
2021-12-29,M,M,M,M,M
2021-12-30,M,M,M,M,M
2021-12-31,M,M,M,M,M
2022-01-01,M,M,M,M,M
2022-01-02,M,M,M,M,M
2022-01-03,M,M,M,M,M
2022-01-04,M,M,M,M,M
2022-01-05,M,M,M,M,M
2022-01-06,M,M,M,M,M
2022-01-07,M,M,M,M,M
2022-01-08,M,M,M,M,M
2022-01-09,M,M,M,M,M
2022-01-10,M,M,M,M,M
2022-01-11,M,M,M,M,M
2022-01-12,M,M,M,M,M
2022-01-13,M,M,M,M,M
2022-01-14,M,M,M,M,M
2022-01-15,M,M,M,M,M
2022-01-16,M,M,M,M,M
2022-01-17,M,M,M,M,M
2022-01-18,M,M,M,M,M
2022-01-19,M,M,M,M,M
2022-01-20,M,M,M,M,M
2022-01-21,M,M,M,M,M
2022-01-22,M,M,M,M,M
2022-01-23,M,M,M,M,M
2022-01-24,M,M,M,M,M
2022-01-25,M,M,M,M,M
2022-01-26,M,M,M,M,M
2022-01-27,M,M,M,M,M
2022-01-28,M,M,M,M,M
2022-01-29,M,M,M,M,M
2022-01-30,M,M,M,M,M
2022-01-31,M,M,M,M,M
2022-02-01,M,M,M,M,M
2022-02-02,M,M,M,M,M
2022-02-03,M,M,M,M,M
2022-02-04,M,M,M,M,M
2022-02-05,M,M,M,M,M
2022-02-06,M,M,M,M,M
2022-02-07,M,M,M,M,M
2022-02-08,M,M,M,M,M
2022-02-09,M,M,M,M,M
2022-02-10,M,M,M,M,M
2022-02-11,M,M,M,M,M
2022-02-12,M,M,M,M,M
2022-02-13,M,M,M,M,M
2022-02-14,M,M,M,M,M
2022-02-15,M,M,M,M,M
2022-02-16,M,M,M,M,M
2022-02-17,M,M,M,M,M
2022-02-18,M,M,M,M,M
2022-02-19,M,M,M,M,M
2022-02-20,M,M,M,M,M
2022-02-21,M,M,M,M,M
2022-02-22,M,M,M,M,M
2022-02-23,M,M,M,M,M
2022-02-24,M,M,M,M,M
2022-02-25,M,M,M,M,M
2022-02-26,M,M,M,M,M
2022-02-27,M,M,M,M,M
2022-02-28,M,M,M,M,M
2022-03-01,M,M,M,M,M
2022-03-02,M,M,M,M,M
2022-03-03,M,M,M,M,M
2022-03-04,M,M,M,M,M
2022-03-05,M,M,M,M,M
2022-03-06,M,M,M,M,M
2022-03-07,M,M,M,M,M
2022-03-08,M,M,M,M,M
2022-03-09,M,M,M,M,M
2022-03-10,M,M,M,M,M
2022-03-11,M,M,M,M,M
2022-03-12,M,M,M,M,M
2022-03-13,M,M,M,M,M
2022-03-14,M,M,M,M,M
2022-03-15,M,M,M,M,M
2022-03-16,M,M,M,M,M
2022-03-17,M,M,M,M,M
2022-03-18,M,M,M,M,M
2022-03-19,M,M,0.07A,M,M
2022-03-20,M,M,0.09,M,M
2022-03-21,M,M,0.09,M,M
2022-03-22,M,M,T,M,M
2022-03-23,M,M,S,M,M
2022-03-24,M,M,M,M,M
2022-03-25,M,M,0.67A,M,M
2022-03-26,M,M,T,M,M
2022-03-27,M,M,0.12,M,M
2022-03-28,M,M,T,M,M
2022-03-29,M,M,0.00,0.0,M
2022-03-30,M,M,0.00,0.0,M
2022-03-31,M,M,0.00,0.0,M
2022-04-01,M,M,1.20,M,M
2022-04-02,M,M,0.06,M,M
2022-04-03,M,M,0.06,M,M
2022-04-04,M,M,0.27,M,M
2022-04-05,M,M,0.00,0.0,M
2022-04-06,M,M,0.00,0.0,M
2022-04-07,M,M,0.10,M,M
2022-04-08,M,M,1.98,M,M
2022-04-09,M,M,0.05,M,M
2022-04-10,M,M,0.11,M,M
2022-04-11,M,M,0.00,0.0,M
2022-04-12,M,M,0.00,0.0,M
2022-04-13,M,M,0.14,M,M
2022-04-14,M,M,T,M,M
2022-04-15,M,M,0.07,M,M
2022-04-16,M,M,0.00,0.0,M
2022-04-17,M,M,0.35,M,M
2022-04-18,M,M,T,M,M
2022-04-19,M,M,M,M,M
2022-04-20,M,M,M,M,M
2022-04-21,M,M,M,M,M
2022-04-22,M,M,0.02,M,M
2022-04-23,M,M,M,M,M
2022-04-24,M,M,M,M,M
2022-04-25,M,M,M,M,M
2022-04-26,M,M,M,M,M
2022-04-27,M,M,0.16,M,M
2022-04-28,M,M,M,M,M
2022-04-29,M,M,M,M,M
2022-04-30,M,M,M,M,M
2022-05-01,M,M,M,M,M
2022-05-02,M,M,0.10,M,M
2022-05-03,M,M,0.03,M,M
2022-05-04,M,M,0.05,M,M
2022-05-05,M,M,0.33,M,M
2022-05-06,M,M,M,M,M
2022-05-07,M,M,M,M,M
2022-05-08,M,M,M,M,M
2022-05-09,M,M,M,M,M
2022-05-10,M,M,M,M,M
2022-05-11,M,M,M,M,M
2022-05-12,M,M,M,M,M
2022-05-13,M,M,M,M,M
2022-05-14,M,M,M,M,M
2022-05-15,M,M,0.20,M,M
2022-05-16,M,M,0.13,M,M
2022-05-17,M,M,0.51,M,M
2022-05-18,M,M,M,M,M
2022-05-19,M,M,0.14,M,M
2022-05-20,M,M,0.23,M,M
2022-05-21,M,M,M,M,M
2022-05-22,M,M,M,M,M
2022-05-23,M,M,0.22,M,M
2022-05-24,M,M,M,M,M
2022-05-25,M,M,M,M,M
2022-05-26,M,M,M,M,M
2022-05-27,M,M,M,M,M
2022-05-28,M,M,T,M,M
2022-05-29,M,M,0.03,M,M
2022-05-30,M,M,M,M,M
2022-05-31,M,M,M,M,M
2022-06-01,M,M,M,M,M
2022-06-02,M,M,0.72,M,M
2022-06-03,M,M,M,M,M
2022-06-04,M,M,M,M,M
2022-06-05,M,M,M,M,M
2022-06-06,M,M,M,M,M
2022-06-07,M,M,M,M,M
2022-06-08,M,M,0.46,M,M
2022-06-09,M,M,0.58,M,M
2022-06-10,M,M,0.10,M,M
2022-06-11,M,M,M,M,M
2022-06-12,M,M,M,M,M
2022-06-13,M,M,M,M,M
2022-06-14,M,M,M,M,M
2022-06-15,M,M,M,M,M
2022-06-16,M,M,M,M,M
2022-06-17,M,M,0.06,M,M
2022-06-18,M,M,M,M,M
2022-06-19,M,M,M,M,M
2022-06-20,M,M,M,M,M
2022-06-21,M,M,M,M,M
2022-06-22,M,M,0.15,M,M
2022-06-23,M,M,S,M,M
2022-06-24,M,M,0.10A,M,M
2022-06-25,M,M,M,M,M
2022-06-26,M,M,M,M,M
2022-06-27,M,M,0.03,M,M
2022-06-28,M,M,0.48,M,M
2022-06-29,M,M,M,M,M
2022-06-30,M,M,M,M,M
2022-07-01,M,M,M,M,M
2022-07-02,M,M,0.28,M,M
2022-07-03,M,M,T,M,M
2022-07-04,M,M,M,M,M
2022-07-05,M,M,M,M,M
2022-07-06,M,M,0.39,M,M
2022-07-07,M,M,M,M,M
2022-07-08,M,M,M,M,M
2022-07-09,M,M,M,M,M
2022-07-10,M,M,M,M,M
2022-07-11,M,M,M,M,M
2022-07-12,M,M,M,M,M
2022-07-13,M,M,T,M,M
2022-07-14,M,M,T,M,M
2022-07-15,M,M,M,M,M
2022-07-16,M,M,M,M,M
2022-07-17,M,M,M,M,M
2022-07-18,M,M,M,M,M
2022-07-19,M,M,0.19,M,M
2022-07-20,M,M,0.13,M,M
2022-07-21,M,M,M,M,M
2022-07-22,M,M,M,M,M
2022-07-23,M,M,0.06,M,M
2022-07-24,M,M,M,M,M
2022-07-25,M,M,0.29,M,M
2022-07-26,M,M,0.15,M,M
2022-07-27,M,M,M,M,M
2022-07-28,M,M,M,M,M
2022-07-29,M,M,M,M,M
2022-07-30,M,M,M,M,M
2022-07-31,M,M,0.00,0.0,M
2022-08-01,M,M,M,M,M
2022-08-02,M,M,M,M,M
2022-08-03,M,M,M,M,M
2022-08-04,M,M,M,M,M
2022-08-05,M,M,0.05,M,M
2022-08-06,M,M,M,M,M
2022-08-07,M,M,M,M,M
2022-08-08,M,M,M,M,M
2022-08-09,M,M,T,M,M
2022-08-10,M,M,0.00,0.0,M
2022-08-11,M,M,M,M,M
2022-08-12,M,M,M,M,M
2022-08-13,M,M,M,M,M
2022-08-14,M,M,M,M,M
2022-08-15,M,M,M,M,M
2022-08-16,M,M,M,M,M
2022-08-17,M,M,M,M,M
2022-08-18,M,M,0.31,M,M
2022-08-19,M,M,T,M,M
2022-08-20,M,M,M,M,M
2022-08-21,M,M,M,M,M
2022-08-22,M,M,T,M,M
2022-08-23,M,M,M,M,M
2022-08-24,M,M,0.74,M,M
2022-08-25,M,M,M,M,M
2022-08-26,M,M,T,M,M
2022-08-27,M,M,0.12,M,M
2022-08-28,M,M,M,M,M
2022-08-29,M,M,M,M,M
2022-08-30,M,M,M,M,M
2022-08-31,M,M,1.21,M,M
2022-09-01,M,M,M,M,M
2022-09-02,M,M,M,M,M
2022-09-03,M,M,M,M,M
2022-09-04,M,M,M,M,M
2022-09-05,M,M,0.11,M,M
2022-09-06,M,M,1.67,M,M
2022-09-07,M,M,0.40,M,M
2022-09-08,M,M,0.01,M,M
2022-09-09,M,M,T,M,M
2022-09-10,M,M,M,M,M
2022-09-11,M,M,M,M,M
2022-09-12,M,M,0.10,M,M
2022-09-13,M,M,S,M,M
2022-09-14,M,M,2.36A,M,M
2022-09-15,M,M,M,M,M
2022-09-16,M,M,M,M,M
2022-09-17,M,M,M,M,M
2022-09-18,M,M,M,M,M
2022-09-19,M,M,0.10,M,M
2022-09-20,M,M,0.41,M,M
2022-09-21,M,M,T,M,M
2022-09-22,M,M,0.16,M,M
2022-09-23,M,M,0.44,M,M
2022-09-24,M,M,0.00,0.0,M
2022-09-25,M,M,0.00,0.0,M
2022-09-26,M,M,T,M,M
2022-09-27,M,M,0.12,M,M
2022-09-28,M,M,M,M,M
2022-09-29,M,M,0.07,M,M
2022-09-30,M,M,M,M,M
2022-10-01,M,M,M,M,M
2022-10-02,M,M,M,M,M
2022-10-03,M,M,M,M,M
2022-10-04,M,M,S,M,M
2022-10-05,M,M,M,M,M
2022-10-06,M,M,0.85A,M,M
2022-10-07,M,M,0.00,0.0,M
2022-10-08,M,M,M,M,M
2022-10-09,M,M,M,M,M
2022-10-10,M,M,M,M,M
2022-10-11,M,M,M,M,M
2022-10-12,M,M,M,M,M
2022-10-13,M,M,M,M,M
2022-10-14,M,M,1.67,M,M
2022-10-15,M,M,0.02,M,M
2022-10-16,M,M,M,M,M
2022-10-17,M,M,M,M,M
2022-10-18,M,M,0.17,M,M
2022-10-19,M,M,T,M,M
2022-10-20,M,M,M,M,M
2022-10-21,M,M,M,M,M
2022-10-22,M,M,M,M,M
2022-10-23,M,M,M,M,M
2022-10-24,M,M,M,M,M
2022-10-25,M,M,0.28,M,M
2022-10-26,M,M,0.03,M,M
2022-10-27,M,M,M,M,M
2022-10-28,M,M,M,M,M
2022-10-29,M,M,M,M,M
2022-10-30,M,M,M,M,M
2022-10-31,M,M,M,M,M
2022-11-01,M,M,0.02,M,M
2022-11-02,M,M,M,M,M
2022-11-03,M,M,M,M,M
2022-11-04,M,M,M,M,M
2022-11-05,M,M,M,M,M
2022-11-06,M,M,M,M,M
2022-11-07,M,M,0.35,M,M
2022-11-08,M,M,0.00,0.0,M
2022-11-09,M,M,0.00,0.0,M
2022-11-10,M,M,M,M,M
2022-11-11,M,M,M,M,M
2022-11-12,M,M,1.10,M,M
2022-11-13,M,M,M,M,M
2022-11-14,M,M,M,M,M
2022-11-15,M,M,S,M,M
2022-11-16,M,M,0.60A,M,M
2022-11-17,M,M,M,M,M
2022-11-18,M,M,M,M,M
2022-11-19,M,M,M,M,M
2022-11-20,M,M,M,M,M
2022-11-21,M,M,M,M,M
2022-11-22,M,M,M,M,M
2022-11-23,M,M,M,M,M
2022-11-24,M,M,M,M,M
2022-11-25,M,M,M,M,M
2022-11-26,M,M,M,M,M
2022-11-27,M,M,M,M,M
2022-11-28,M,M,M,M,M
2022-11-29,M,M,M,M,M
2022-11-30,M,M,M,M,M
2022-12-01,M,M,M,M,M
2022-12-02,M,M,M,M,M
2022-12-03,M,M,M,M,M
2022-12-04,M,M,M,M,M
2022-12-05,M,M,M,M,M
2022-12-06,M,M,M,M,M
2022-12-07,M,M,M,M,M
2022-12-08,M,M,M,M,M
2022-12-09,M,M,M,M,M
2022-12-10,M,M,M,M,M
2022-12-11,M,M,M,M,M
2022-12-12,M,M,M,M,M
2022-12-13,M,M,M,M,M
2022-12-14,M,M,M,M,M
2022-12-15,M,M,M,M,M
2022-12-16,M,M,M,M,M
2022-12-17,M,M,M,M,M
2022-12-18,M,M,M,M,M
2022-12-19,M,M,M,M,M
2022-12-20,M,M,M,M,M
2022-12-21,M,M,M,M,M
2022-12-22,M,M,M,M,M
2022-12-23,M,M,M,M,M
2022-12-24,M,M,M,M,M
2022-12-25,M,M,M,M,M
2022-12-26,M,M,M,M,M
2022-12-27,M,M,M,M,M
2022-12-28,M,M,M,M,M
2022-12-29,M,M,M,M,M
2022-12-30,M,M,M,M,M
2022-12-31,M,M,M,M,M
2023-01-01,M,M,M,M,M
2023-01-02,M,M,M,M,M
2023-01-03,M,M,M,M,M
2023-01-04,M,M,M,M,M
2023-01-05,M,M,M,M,M
2023-01-06,M,M,M,M,M
2023-01-07,M,M,M,M,M
2023-01-08,M,M,M,M,M
2023-01-09,M,M,M,M,M
2023-01-10,M,M,M,M,M
2023-01-11,M,M,M,M,M
2023-01-12,M,M,M,M,M
2023-01-13,M,M,M,M,M
2023-01-14,M,M,M,M,M
2023-01-15,M,M,M,M,M
2023-01-16,M,M,M,M,M
2023-01-17,M,M,M,M,M
2023-01-18,M,M,M,M,M
2023-01-19,M,M,M,M,M
2023-01-20,M,M,M,M,M
2023-01-21,M,M,M,M,M
2023-01-22,M,M,M,M,M
2023-01-23,M,M,M,M,M
2023-01-24,M,M,M,M,M
2023-01-25,M,M,M,M,M
2023-01-26,M,M,M,M,M
2023-01-27,M,M,M,M,M
2023-01-28,M,M,M,M,M
2023-01-29,M,M,M,M,M
2023-01-30,M,M,M,M,M
2023-01-31,M,M,M,M,M
2023-02-01,M,M,M,M,M
2023-02-02,M,M,M,M,M
2023-02-03,M,M,M,M,M
2023-02-04,M,M,M,M,M
2023-02-05,M,M,M,M,M
2023-02-06,M,M,M,M,M
2023-02-07,M,M,M,M,M
2023-02-08,M,M,M,M,M
2023-02-09,M,M,M,M,M
2023-02-10,M,M,M,M,M
2023-02-11,M,M,M,M,M
2023-02-12,M,M,M,M,M
2023-02-13,M,M,M,M,M
2023-02-14,M,M,M,M,M
2023-02-15,M,M,M,M,M
2023-02-16,M,M,M,M,M
2023-02-17,M,M,M,M,M
2023-02-18,M,M,M,M,M
2023-02-19,M,M,M,M,M
2023-02-20,M,M,M,M,M
2023-02-21,M,M,M,M,M
2023-02-22,M,M,M,M,M
2023-02-23,M,M,M,M,M
2023-02-24,M,M,M,M,M
2023-02-25,M,M,M,M,M
2023-02-26,M,M,M,M,M
2023-02-27,M,M,M,M,M
2023-02-28,M,M,M,M,M
2023-03-01,M,M,M,M,M
2023-03-02,M,M,M,M,M
2023-03-03,M,M,M,M,M
2023-03-04,M,M,M,M,M
2023-03-05,M,M,M,M,M
2023-03-06,M,M,M,M,M
2023-03-07,M,M,M,M,M
2023-03-08,M,M,M,M,M
2023-03-09,M,M,M,M,M
2023-03-10,M,M,M,M,M
2023-03-11,M,M,M,M,M
2023-03-12,M,M,M,M,M
2023-03-13,M,M,M,M,M
2023-03-14,M,M,M,M,M
2023-03-15,M,M,M,M,M
2023-03-16,M,M,M,M,M
2023-03-17,M,M,M,M,M
2023-03-18,M,M,M,M,M
2023-03-19,M,M,M,M,M
2023-03-20,M,M,M,M,M
2023-03-21,M,M,M,M,M
2023-03-22,M,M,M,M,M
2023-03-23,M,M,M,M,M
2023-03-24,M,M,M,M,M
2023-03-25,M,M,M,M,M
2023-03-26,M,M,M,M,M
2023-03-27,M,M,0.00,0.0,M
2023-03-28,M,M,M,M,M
2023-03-29,M,M,M,M,M
2023-03-30,M,M,M,M,M
2023-03-31,M,M,M,M,M
2023-04-01,M,M,S,M,M
2023-04-02,M,M,0.46A,M,M
2023-04-03,M,M,0.00,0.0,M
2023-04-04,M,M,0.02,M,M
2023-04-05,M,M,M,M,M
2023-04-06,M,M,0.20,M,M
2023-04-07,M,M,0.02,M,M
2023-04-08,M,M,M,M,M
2023-04-09,M,M,M,M,M
2023-04-10,M,M,M,M,M
2023-04-11,M,M,M,M,M
2023-04-12,M,M,M,M,M
2023-04-13,M,M,M,M,M
2023-04-14,M,M,M,M,M
2023-04-15,M,M,M,M,M
2023-04-16,M,M,T,M,M
2023-04-17,M,M,M,M,M
2023-04-18,M,M,0.66,M,M
2023-04-19,M,M,S,M,M
2023-04-20,M,M,M,M,M
2023-04-21,M,M,M,M,M
2023-04-22,M,M,M,M,M
2023-04-23,M,M,M,M,M
2023-04-24,M,M,M,M,M
2023-04-25,M,M,M,M,M
2023-04-26,M,M,M,M,M
2023-04-27,M,M,M,M,M
2023-04-28,M,M,2.13A,M,M
2023-04-29,M,M,S,M,M
2023-04-30,M,M,M,M,M
2023-05-01,M,M,1.80A,M,M
2023-05-02,M,M,0.07,M,M
2023-05-03,M,M,0.14,M,M
2023-05-04,M,M,0.36,M,M
2023-05-05,M,M,0.02,M,M
2023-05-06,M,M,M,M,M
2023-05-07,M,M,M,M,M
2023-05-08,M,M,0.06,M,M
2023-05-09,M,M,M,M,M
2023-05-10,M,M,M,M,M
2023-05-11,M,M,M,M,M
2023-05-12,M,M,M,M,M
2023-05-13,M,M,M,M,M
2023-05-14,M,M,M,M,M
2023-05-15,M,M,M,M,M
2023-05-16,M,M,M,M,M
2023-05-17,M,M,M,M,M
2023-05-18,M,M,M,M,M
2023-05-19,M,M,M,M,M
2023-05-20,M,M,T,M,M
2023-05-21,M,M,M,M,M
2023-05-22,M,M,M,M,M
2023-05-23,M,M,M,M,M
2023-05-24,M,M,M,M,M
2023-05-25,M,M,0.21,M,M
2023-05-26,M,M,M,M,M
2023-05-27,M,M,M,M,M
2023-05-28,M,M,M,M,M
2023-05-29,M,M,M,M,M
2023-05-30,M,M,M,M,M
2023-05-31,M,M,M,M,M
2023-06-01,M,M,M,M,M
2023-06-02,M,M,M,M,M
2023-06-03,M,M,T,M,M
2023-06-04,M,M,T,M,M
2023-06-05,M,M,M,M,M
2023-06-06,M,M,M,M,M
2023-06-07,M,M,0.07,M,M
2023-06-08,M,M,T,M,M
2023-06-09,M,M,M,M,M
2023-06-10,M,M,0.83,M,M
2023-06-11,M,M,M,M,M
2023-06-12,M,M,M,M,M
2023-06-13,M,M,0.21,M,M
2023-06-14,M,M,0.00,0.0,M
2023-06-15,M,M,0.05,M,M
2023-06-16,M,M,0.00,0.0,M
2023-06-17,M,M,0.27,M,M
2023-06-18,M,M,0.07,M,M
2023-06-19,M,M,0.04,M,M
2023-06-20,M,M,0.00,0.0,M
2023-06-21,M,M,0.00,0.0,M
2023-06-22,M,M,0.00,0.0,M
2023-06-23,M,M,0.00,0.0,M
2023-06-24,M,M,T,M,M
2023-06-25,M,M,0.29,M,M
2023-06-26,M,M,T,M,M
2023-06-27,M,M,0.71,M,M
2023-06-28,M,M,0.24,M,M
2023-06-29,M,M,0.18,M,M
2023-06-30,M,M,0.00,0.0,M
2023-07-01,M,M,0.00,0.0,M
2023-07-02,M,M,S,M,M
2023-07-03,M,M,1.52A,M,M
2023-07-04,M,M,1.00,M,M
2023-07-05,M,M,0.08,M,M
2023-07-06,M,M,0.00,0.0,M
2023-07-07,M,M,0.00,0.0,M
2023-07-08,M,M,0.31,M,M
2023-07-09,M,M,0.00,0.0,M
2023-07-10,M,M,1.83,M,M
2023-07-11,M,M,0.37,M,M
2023-07-12,M,M,0.00,0.0,M
2023-07-13,M,M,T,M,M
2023-07-14,M,M,S,M,M
2023-07-15,M,M,M,M,M
2023-07-16,M,M,M,M,M
2023-07-17,M,M,2.15A,M,M
2023-07-18,M,M,T,M,M
2023-07-19,M,M,0.44,M,M
2023-07-20,M,M,0.00,0.0,M
2023-07-21,M,M,0.19,M,M
2023-07-22,M,M,0.18,M,M
2023-07-23,M,M,0.00,0.0,M
2023-07-24,M,M,0.00,0.0,M
2023-07-25,M,M,0.61,M,M
2023-07-26,M,M,0.00,0.0,M
2023-07-27,M,M,0.00,0.0,M
2023-07-28,M,M,0.04,M,M
2023-07-29,M,M,0.00,0.0,M
2023-07-30,M,M,1.00,M,M
2023-07-31,M,M,0.00,0.0,M
2023-08-01,M,M,0.00,0.0,M
2023-08-02,M,M,0.00,0.0,M
2023-08-03,M,M,0.00,0.0,M
2023-08-04,M,M,0.96,M,M
2023-08-05,M,M,0.00,0.0,M
2023-08-06,M,M,0.00,0.0,M
2023-08-07,M,M,T,M,M
2023-08-08,M,M,0.81,M,M
2023-08-09,M,M,0.04,M,M
2023-08-10,M,M,0.00,0.0,M
2023-08-11,M,M,0.06,M,M
2023-08-12,M,M,0.00,0.0,M
2023-08-13,M,M,0.00,0.0,M
2023-08-14,M,M,0.00,0.0,M
2023-08-15,M,M,0.88,M,M
2023-08-16,M,M,0.11,M,M
2023-08-17,M,M,0.58,M,M
2023-08-18,M,M,0.88,M,M
2023-08-19,M,M,0.02,M,M
2023-08-20,M,M,0.00,0.0,M
2023-08-21,M,M,0.00,0.0,M
2023-08-22,M,M,0.00,0.0,M
2023-08-23,M,M,0.00,0.0,M
2023-08-24,M,M,0.00,0.0,M
2023-08-25,M,M,0.33,M,M
2023-08-26,M,M,T,M,M
2023-08-27,M,M,0.00,0.0,M
2023-08-28,M,M,0.04,M,M
2023-08-29,M,M,0.38,M,M
2023-08-30,M,M,0.53,M,M
2023-08-31,M,M,0.04,M,M
2023-09-01,M,M,0.00,0.0,M
2023-09-02,M,M,S,M,M
2023-09-03,M,M,M,M,M
2023-09-04,M,M,0.01A,M,M
2023-09-05,M,M,0.00,0.0,M
2023-09-06,M,M,0.00,0.0,M
2023-09-07,M,M,0.00,0.0,M
2023-09-08,M,M,0.13,M,M
2023-09-09,M,M,1.14,M,M
2023-09-10,M,M,0.00,0.0,M
2023-09-11,M,M,0.51,M,M
2023-09-12,M,M,S,M,M
2023-09-13,M,M,M,M,M
2023-09-14,M,M,0.32A,M,M
2023-09-15,M,M,0.00,0.0,M
2023-09-16,M,M,0.00,0.0,M
2023-09-17,M,M,M,M,M
2023-09-18,M,M,0.45,M,M
2023-09-19,M,M,M,M,M
2023-09-20,M,M,M,0.0,M
2023-09-21,M,M,0.00,0.0,M
2023-09-22,M,M,0.00,0.0,M
2023-09-23,M,M,0.00,0.0,M
2023-09-24,M,M,0.16,M,M
2023-09-25,M,M,0.57,M,M
2023-09-26,M,M,0.06,M,M
2023-09-27,M,M,0.00,0.0,M
2023-09-28,M,M,0.00,0.0,M
2023-09-29,M,M,S,M,M
2023-09-30,M,M,M,M,M
2023-10-01,M,M,0.19A,M,M
2023-10-02,M,M,0.00,0.0,M
2023-10-03,M,M,0.00,0.0,M
2023-10-04,M,M,0.00,0.0,M
2023-10-05,M,M,0.00,0.0,M
2023-10-06,M,M,S,M,M
2023-10-07,M,M,M,M,M
2023-10-08,M,M,2.87A,M,M
2023-10-09,M,M,T,M,M
2023-10-10,M,M,T,M,M
2023-10-11,M,M,0.00,0.0,M
2023-10-12,M,M,0.00,0.0,M
2023-10-13,M,M,0.00,0.0,M
2023-10-14,M,M,0.00,0.0,M
2023-10-15,M,M,0.00,0.0,M
2023-10-16,M,M,0.02,M,M
2023-10-17,M,M,0.08,M,M
2023-10-18,M,M,0.00,0.0,M
2023-10-19,M,M,0.00,0.0,M
2023-10-20,M,M,0.00,0.0,M
2023-10-21,M,M,0.91,M,M
2023-10-22,M,M,0.09,M,M
2023-10-23,M,M,0.00,0.0,M
2023-10-24,M,M,0.00,0.0,M
2023-10-25,M,M,0.00,0.0,M
2023-10-26,M,M,0.00,0.0,M
2023-10-27,M,M,0.00,0.0,M
2023-10-28,M,M,0.00,0.0,M
2023-10-29,M,M,0.00,0.0,M
2023-10-30,M,M,0.91,M,M
2023-10-31,M,M,0.35,M,M
2023-11-01,M,M,T,M,M
2023-11-02,M,M,0.00,0.0,M
2023-11-03,M,M,0.00,0.0,M
2023-11-04,M,M,0.00,0.0,M
2023-11-05,M,M,T,M,M
2023-11-06,M,M,0.00,0.0,M
2023-11-07,M,M,0.14,M,M
2023-11-08,M,M,M,M,M
2023-11-09,M,M,M,M,M
2023-11-10,M,M,M,M,M
2023-11-11,M,M,0.00,0.0,M
2023-11-12,M,M,0.00,0.0,M
2023-11-13,M,M,0.00,0.0,M
2023-11-14,M,M,0.03,M,M
2023-11-15,M,M,0.00,0.0,M
2023-11-16,M,M,0.00,0.0,M
2023-11-17,M,M,0.00,0.0,M
2023-11-18,M,M,0.07,M,M
2023-11-19,M,M,0.00,0.0,M
2023-11-20,M,M,0.00,0.0,M
2023-11-21,M,M,M,M,M
2023-11-22,M,M,0.50,M,M
2023-11-23,M,M,M,M,M
2023-11-24,M,M,M,M,M
2023-11-25,M,M,M,M,M
2023-11-26,M,M,M,M,M
2023-11-27,M,M,M,M,M
2023-11-28,M,M,M,M,M
2023-11-29,M,M,M,M,M
2023-11-30,M,M,M,M,M
2023-12-01,M,M,M,M,M
2023-12-02,M,M,M,M,M
2023-12-03,M,M,M,M,M
2023-12-04,M,M,M,M,M
2023-12-05,M,M,M,M,M
2023-12-06,M,M,M,M,M
2023-12-07,M,M,M,M,M
2023-12-08,M,M,M,M,M
2023-12-09,M,M,M,M,M
2023-12-10,M,M,0.00,0.0,M
2023-12-11,M,M,M,M,M
2023-12-12,M,M,M,M,M
2023-12-13,M,M,M,M,M
2023-12-14,M,M,M,M,M
2023-12-15,M,M,M,M,M
2023-12-16,M,M,M,M,M
2023-12-17,M,M,M,M,M
2023-12-18,M,M,M,M,M
2023-12-19,M,M,M,M,M
2023-12-20,M,M,M,M,M
2023-12-21,M,M,M,M,M
2023-12-22,M,M,M,M,M
2023-12-23,M,M,M,M,M
2023-12-24,M,M,M,M,M
2023-12-25,M,M,M,M,M
2023-12-26,M,M,M,M,M
2023-12-27,M,M,0.34,M,M
2023-12-28,M,M,0.18,M,M
2023-12-29,M,M,0.20,M,M
2023-12-30,M,M,0.08,M,M
2023-12-31,M,M,M,M,M
2024-01-01,M,M,M,M,M
2024-01-02,M,M,M,M,M
2024-01-03,M,M,M,M,M
2024-01-04,M,M,M,M,M
2024-01-05,M,M,M,M,M
2024-01-06,M,M,M,M,M
2024-01-07,M,M,M,M,M
2024-01-08,M,M,M,M,M
2024-01-09,M,M,M,M,M
2024-01-10,M,M,M,M,M
2024-01-11,M,M,M,M,M
2024-01-12,M,M,M,M,M
2024-01-13,M,M,M,M,M
2024-01-14,M,M,M,M,M
2024-01-15,M,M,M,M,M
2024-01-16,M,M,M,M,M
2024-01-17,M,M,M,M,M
2024-01-18,M,M,M,M,M
2024-01-19,M,M,M,M,M
2024-01-20,M,M,M,M,M
2024-01-21,M,M,M,M,M
2024-01-22,M,M,M,M,M
2024-01-23,M,M,M,M,M
2024-01-24,M,M,M,M,M
2024-01-25,M,M,M,M,M
2024-01-26,M,M,M,M,M
2024-01-27,M,M,M,M,M
2024-01-28,M,M,M,M,M
2024-01-29,M,M,M,M,M
2024-01-30,M,M,M,M,M
2024-01-31,M,M,M,M,M
2024-02-01,M,M,M,M,M
2024-02-02,M,M,M,M,M
2024-02-03,M,M,M,M,M
2024-02-04,M,M,M,M,M
2024-02-05,M,M,M,M,M
2024-02-06,M,M,M,M,M
2024-02-07,M,M,M,M,M
2024-02-08,M,M,M,M,M
2024-02-09,M,M,M,M,M
2024-02-10,M,M,M,M,M
2024-02-11,M,M,M,M,M
2024-02-12,M,M,M,M,M
2024-02-13,M,M,M,M,M
2024-02-14,M,M,M,M,M
2024-02-15,M,M,M,M,M
2024-02-16,M,M,M,M,M
2024-02-17,M,M,M,M,M
2024-02-18,M,M,M,M,M
2024-02-19,M,M,M,M,M
2024-02-20,M,M,M,M,M
2024-02-21,M,M,M,M,M
2024-02-22,M,M,M,M,M
2024-02-23,M,M,M,M,M
2024-02-24,M,M,M,M,M
2024-02-25,M,M,M,M,M
2024-02-26,M,M,M,M,M
2024-02-27,M,M,M,M,M
2024-02-28,M,M,M,M,M
2024-02-29,M,M,M,M,M
2024-03-01,M,M,M,M,M
2024-03-02,M,M,M,M,M
2024-03-03,M,M,M,M,M
2024-03-04,M,M,M,M,M
2024-03-05,M,M,M,M,M
2024-03-06,M,M,M,M,M
2024-03-07,M,M,M,M,M
2024-03-08,M,M,M,M,M
2024-03-09,M,M,M,M,M
2024-03-10,M,M,M,M,M
2024-03-11,M,M,M,M,M
2024-03-12,M,M,M,M,M
2024-03-13,M,M,M,M,M
2024-03-14,M,M,M,M,M
2024-03-15,M,M,M,M,M
2024-03-16,M,M,M,M,M
2024-03-17,M,M,M,M,M
2024-03-18,M,M,M,M,M
2024-03-19,M,M,M,M,M
2024-03-20,M,M,M,M,M
2024-03-21,M,M,M,M,M
2024-03-22,M,M,M,M,M
2024-03-23,M,M,M,M,M
2024-03-24,M,M,M,M,M
2024-03-25,M,M,M,M,M
2024-03-26,M,M,M,M,M
2024-03-27,M,M,M,M,M
2024-03-28,M,M,M,M,M
2024-03-29,M,M,M,M,M
2024-03-30,M,M,M,M,M
2024-03-31,M,M,M,M,M
2024-04-01,M,M,M,M,M
2024-04-02,M,M,M,M,M
2024-04-03,M,M,M,M,M
2024-04-04,M,M,M,M,M
2024-04-05,M,M,M,M,M
2024-04-06,M,M,M,M,M
2024-04-07,M,M,M,M,M
2024-04-08,M,M,M,M,M
2024-04-09,M,M,M,M,M
2024-04-10,M,M,M,M,M
2024-04-11,M,M,M,M,M
2024-04-12,M,M,M,M,M
2024-04-13,M,M,M,M,M
2024-04-14,M,M,0.33A,M,M
2024-04-15,M,M,M,M,M
2024-04-16,M,M,M,M,M
2024-04-17,M,M,M,M,M
2024-04-18,M,M,0.27,M,M
2024-04-19,M,M,0.04,M,M
2024-04-20,M,M,M,M,M
2024-04-21,M,M,T,M,M
2024-04-22,M,M,M,M,M
2024-04-23,M,M,M,M,M
2024-04-24,M,M,M,M,M
2024-04-25,M,M,M,M,M
2024-04-26,M,M,M,M,M
2024-04-27,M,M,M,M,M
2024-04-28,M,M,T,M,M
2024-04-29,M,M,0.12,M,M
2024-04-30,M,M,M,M,M
2024-05-01,M,M,0.61,M,M
2024-05-02,M,M,M,M,M
2024-05-03,M,M,M,M,M
2024-05-04,M,M,M,M,M
2024-05-05,M,M,M,M,M
2024-05-06,M,M,0.51,M,M
2024-05-07,M,M,M,M,M
2024-05-08,M,M,M,M,M
2024-05-09,M,M,0.18,M,M
2024-05-10,M,M,0.04,M,M
2024-05-11,M,M,0.05,M,M
2024-05-12,M,M,S,M,M
2024-05-13,M,M,M,M,M
2024-05-14,M,M,0.32A,M,M
2024-05-15,M,M,M,M,M
2024-05-16,M,M,0.51,M,M
2024-05-17,M,M,S,M,M
2024-05-18,M,M,M,M,M
2024-05-19,M,M,M,M,M
2024-05-20,M,M,0.06A,M,M
2024-05-21,M,M,0.00,0.0,M
2024-05-22,M,M,0.09,M,M
2024-05-23,M,M,M,M,M
2024-05-24,M,M,0.03,M,M
2024-05-25,M,M,0.00,0.0,M
2024-05-26,M,M,0.00,0.0,M
2024-05-27,M,M,0.00,0.0,M
2024-05-28,M,M,0.69,M,M
2024-05-29,M,M,0.17,M,M
2024-05-30,M,M,0.00,0.0,M
2024-05-31,M,M,0.00,0.0,M
2024-06-01,M,M,0.00,0.0,M
2024-06-02,M,M,0.00,0.0,M
2024-06-03,M,M,0.00,0.0,M
2024-06-04,M,M,0.00,0.0,M
2024-06-05,M,M,0.02,M,M
2024-06-06,M,M,0.00,0.0,M
2024-06-07,M,M,0.32,M,M
2024-06-08,M,M,0.07,M,M
2024-06-09,M,M,0.37,M,M
2024-06-10,M,M,0.49,M,M
2024-06-11,M,M,0.00,0.0,M
2024-06-12,M,M,0.00,0.0,M
2024-06-13,M,M,0.00,0.0,M
2024-06-14,M,M,T,M,M
2024-06-15,M,M,S,M,M
2024-06-16,M,M,0.00A,M,M
2024-06-17,M,M,0.00,0.0,M
2024-06-18,M,M,0.00,0.0,M
2024-06-19,M,M,0.00,0.0,M
2024-06-20,M,M,0.00,0.0,M
2024-06-21,M,M,0.00,0.0,M
2024-06-22,M,M,1.14,M,M
2024-06-23,M,M,1.45,M,M
2024-06-24,M,M,0.25,M,M
2024-06-25,M,M,0.04,M,M
2024-06-26,M,M,0.00,0.0,M
2024-06-27,M,M,0.02,M,M
2024-06-28,M,M,0.00,0.0,M
2024-06-29,M,M,0.07,M,M
2024-06-30,M,M,0.11,M,M
2024-07-01,M,M,0.21,M,M
2024-07-02,M,M,T,M,M
2024-07-03,M,M,0.00,0.0,M
2024-07-04,M,M,0.00,0.0,M
2024-07-05,M,M,0.00,0.0,M
2024-07-06,M,M,0.37,M,M
2024-07-07,M,M,0.00,0.0,M
2024-07-08,M,M,0.00,0.0,M
2024-07-09,M,M,0.00,0.0,M
2024-07-10,M,M,0.00,0.0,M
2024-07-11,M,M,0.35,M,M
2024-07-12,M,M,T,M,M
2024-07-13,M,M,0.00,0.0,M
2024-07-14,M,M,0.00,0.0,M
2024-07-15,M,M,0.00,0.0,M
2024-07-16,M,M,0.12,M,M
2024-07-17,M,M,0.41,M,M
2024-07-18,M,M,1.87,M,M
2024-07-19,M,M,0.00,0.0,M
2024-07-20,M,M,0.00,0.0,M
2024-07-21,M,M,0.00,0.0,M
2024-07-22,M,M,0.00,0.0,M
2024-07-23,M,M,0.04,M,M
2024-07-24,M,M,0.11,M,M
2024-07-25,M,M,0.00,0.0,M
2024-07-26,M,M,0.00,0.0,M
2024-07-27,M,M,0.00,0.0,M
2024-07-28,M,M,0.00,0.0,M
2024-07-29,M,M,0.02,M,M
2024-07-30,M,M,0.00,0.0,M
2024-07-31,M,M,T,M,M
2024-08-01,M,M,0.22,M,M
2024-08-02,M,M,S,M,M
2024-08-03,M,M,M,M,M
2024-08-04,M,M,0.42A,M,M
2024-08-05,M,M,0.22,M,M
2024-08-06,M,M,0.35,M,M
2024-08-07,M,M,0.80,M,M
2024-08-08,M,M,0.01,M,M
2024-08-09,M,M,0.93,M,M
2024-08-10,M,M,2.31,M,M
2024-08-11,M,M,0.00,0.0,M
2024-08-12,M,M,0.00,0.0,M
2024-08-13,M,M,0.00,0.0,M
2024-08-14,M,M,0.00,0.0,M
2024-08-15,M,M,0.01,M,M
2024-08-16,M,M,0.00,0.0,M
2024-08-17,M,M,T,M,M
2024-08-18,M,M,0.18,M,M
2024-08-19,M,M,0.14,M,M
2024-08-20,M,M,0.53,M,M
2024-08-21,M,M,0.00,0.0,M
2024-08-22,M,M,0.00,0.0,M
2024-08-23,M,M,0.00,0.0,M
2024-08-24,M,M,0.00,0.0,M
2024-08-25,M,M,0.05,M,M
2024-08-26,M,M,0.00,0.0,M
2024-08-27,M,M,0.00,0.0,M
2024-08-28,M,M,0.00,0.0,M
2024-08-29,M,M,0.00,0.0,M
2024-08-30,M,M,0.03,M,M
2024-08-31,M,M,S,M,M
2024-09-01,M,M,M,M,M
2024-09-02,M,M,M,M,M
2024-09-03,M,M,0.13A,M,M
2024-09-04,M,M,0.00,0.0,M
2024-09-05,M,M,0.00,0.0,M
2024-09-06,M,M,0.00,0.0,M
2024-09-07,M,M,0.00,0.0,M
2024-09-08,M,M,0.42,M,M
2024-09-09,M,M,T,M,M
2024-09-10,M,M,T,M,M
2024-09-11,M,M,0.00,0.0,M
2024-09-12,M,M,0.00,0.0,M
2024-09-13,M,M,0.00,0.0,M
2024-09-14,M,M,0.00,0.0,M
2024-09-15,M,M,0.00,0.0,M
2024-09-16,M,M,0.00,0.0,M
2024-09-17,M,M,0.00,0.0,M
2024-09-18,M,M,0.00,0.0,M
2024-09-19,M,M,0.00,0.0,M
2024-09-20,M,M,0.00,0.0,M
2024-09-21,M,M,0.00,0.0,M
2024-09-22,M,M,0.00,0.0,M
2024-09-23,M,M,S,M,M
2024-09-24,M,M,M,M,M
2024-09-25,M,M,M,M,M
2024-09-26,M,M,M,M,M
2024-09-27,M,M,0.58A,M,M
2024-09-28,M,M,0.00,0.0,M
2024-09-29,M,M,0.00,0.0,M
2024-09-30,M,M,0.00,0.0,M
2024-10-01,M,M,0.00,0.0,M
2024-10-02,M,M,0.00,0.0,M
2024-10-03,M,M,0.00,0.0,M
2024-10-04,M,M,0.00,0.0,M
2024-10-05,M,M,0.07,M,M
2024-10-06,M,M,M,M,M
2024-10-07,M,M,M,M,M
2024-10-08,M,M,M,M,M
2024-10-09,M,M,0.03,M,M
2024-10-10,M,M,0.06,M,M
2024-10-11,M,M,0.00,0.0,M
2024-10-12,M,M,0.00,0.0,M
2024-10-13,M,M,0.26,M,M
2024-10-14,M,M,0.72,M,M
2024-10-15,M,M,0.34,M,M
2024-10-16,M,M,0.00,0.0,M
2024-10-17,M,M,0.00,0.0,M
2024-10-18,M,M,0.00,0.0,M
2024-10-19,M,M,0.00,0.0,M
2024-10-20,M,M,0.00,0.0,M
2024-10-21,M,M,0.00,0.0,M
2024-10-22,M,M,0.00,0.0,M
2024-10-23,M,M,0.00,0.0,M
2024-10-24,M,M,0.00,0.0,M
2024-10-25,M,M,0.00,0.0,M
2024-10-26,M,M,0.00,0.0,M
2024-10-27,M,M,0.00,0.0,M
2024-10-28,M,M,0.00,0.0,M
2024-10-29,M,M,0.00,0.0,M
2024-10-30,M,M,0.15,M,M
2024-10-31,M,M,0.00,0.0,M
2024-11-01,M,M,0.00,0.0,M
2024-11-02,M,M,0.00,0.0,M
2024-11-03,M,M,0.00,0.0,M
2024-11-04,M,M,0.00,0.0,M
2024-11-05,M,M,T,M,M
2024-11-06,M,M,0.00,0.0,M
2024-11-07,M,M,0.00,0.0,M
2024-11-08,M,M,0.00,0.0,M
2024-11-09,M,M,0.02,M,M
2024-11-10,M,M,0.00,0.0,M
2024-11-11,M,M,0.11,M,M
2024-11-12,M,M,0.05,M,M
2024-11-13,M,M,0.00,0.0,M
2024-11-14,M,M,0.00,0.0,M
2024-11-15,M,M,0.00,0.0,M
2024-11-16,M,M,0.00,0.0,M
2024-11-17,M,M,0.00,0.0,M
2024-11-18,M,M,T,M,M
2024-11-19,M,M,0.00,0.0,M
2024-11-20,M,M,0.00,0.0,M
2024-11-21,M,M,0.24,M,M
2024-11-22,M,M,1.66,M,M
2024-11-23,M,M,0.45,M,M
2024-11-24,M,M,T,M,M
2024-11-25,M,M,T,0.0,M
2024-11-26,M,M,0.18,M,M
2024-11-27,M,M,0.38,M,M
2024-11-28,M,M,M,M,M
2024-11-29,M,M,M,M,M
2024-11-30,M,M,M,M,M
2024-12-01,M,M,M,M,M
2024-12-02,M,M,M,M,M
2024-12-03,M,M,M,M,M
2024-12-04,M,M,M,M,M
2024-12-05,M,M,M,M,M
2024-12-06,M,M,M,M,M
2024-12-07,M,M,M,M,M
2024-12-08,M,M,M,M,M
2024-12-09,M,M,M,M,M
2024-12-10,M,M,M,M,M
2024-12-11,M,M,M,M,M
2024-12-12,M,M,M,M,M
2024-12-13,M,M,M,M,M
2024-12-14,M,M,M,M,M
2024-12-15,M,M,M,M,M
2024-12-16,M,M,M,M,M
2024-12-17,M,M,M,M,M
2024-12-18,M,M,M,M,M
2024-12-19,M,M,M,M,M
2024-12-20,M,M,M,M,M
2024-12-21,M,M,M,M,M
2024-12-22,M,M,M,M,M
2024-12-23,M,M,M,M,M
2024-12-24,M,M,M,M,M
2024-12-25,M,M,M,M,M
2024-12-26,M,M,M,M,M
2024-12-27,M,M,M,M,M
2024-12-28,M,M,M,M,M
2024-12-29,M,M,M,M,M
2024-12-30,M,M,M,M,M
2024-12-31,M,M,M,M,M
2025-01-01,M,M,M,M,M
2025-01-02,M,M,M,M,M
2025-01-03,M,M,M,M,M
2025-01-04,M,M,M,M,M
2025-01-05,M,M,M,M,M
2025-01-06,M,M,M,M,M
2025-01-07,M,M,M,M,M
2025-01-08,M,M,M,M,M
2025-01-09,M,M,M,M,M
2025-01-10,M,M,M,M,M
2025-01-11,M,M,M,M,M
2025-01-12,M,M,M,M,M
2025-01-13,M,M,M,M,M
2025-01-14,M,M,M,M,M
2025-01-15,M,M,M,M,M
2025-01-16,M,M,M,M,M
2025-01-17,M,M,M,M,M
2025-01-18,M,M,M,M,M
2025-01-19,M,M,M,M,M
2025-01-20,M,M,M,M,M
2025-01-21,M,M,M,M,M
2025-01-22,M,M,M,M,M
2025-01-23,M,M,M,M,M
2025-01-24,M,M,M,M,M
2025-01-25,M,M,M,M,M
2025-01-26,M,M,M,M,M
2025-01-27,M,M,M,M,M
2025-01-28,M,M,M,M,M
2025-01-29,M,M,M,M,M
2025-01-30,M,M,M,M,M
2025-01-31,M,M,M,M,M
2025-02-01,M,M,M,M,M
2025-02-02,M,M,M,M,M
2025-02-03,M,M,M,M,M
2025-02-04,M,M,M,M,M
2025-02-05,M,M,M,M,M
2025-02-06,M,M,M,M,M
2025-02-07,M,M,M,M,M
2025-02-08,M,M,M,M,M
2025-02-09,M,M,M,M,M
2025-02-10,M,M,M,M,M
2025-02-11,M,M,M,M,M
2025-02-12,M,M,M,M,M
2025-02-13,M,M,M,M,M
2025-02-14,M,M,M,M,M
2025-02-15,M,M,M,M,M
2025-02-16,M,M,M,M,M
2025-02-17,M,M,M,M,M
2025-02-18,M,M,M,M,M
2025-02-19,M,M,M,M,M
2025-02-20,M,M,M,M,M
2025-02-21,M,M,M,M,M
2025-02-22,M,M,M,M,M
2025-02-23,M,M,M,M,M
2025-02-24,M,M,M,M,M
2025-02-25,M,M,M,M,M
2025-02-26,M,M,M,M,M
2025-02-27,M,M,M,M,M
2025-02-28,M,M,M,M,M
2025-03-01,M,M,M,M,M
2025-03-02,M,M,M,M,M
2025-03-03,M,M,M,M,M
2025-03-04,M,M,M,M,M
2025-03-05,M,M,M,M,M
2025-03-06,M,M,0.42,M,M
2025-03-07,M,M,M,M,M
2025-03-08,M,M,M,M,M
2025-03-09,M,M,M,M,M
2025-03-10,M,M,M,M,M
2025-03-11,M,M,M,M,M
2025-03-12,M,M,M,M,M
2025-03-13,M,M,M,M,M
2025-03-14,M,M,M,M,M
2025-03-15,M,M,M,M,M
2025-03-16,M,M,M,M,M
2025-03-17,M,M,0.98,M,M
2025-03-18,M,M,0.04,M,M
2025-03-19,M,M,M,M,M
2025-03-20,M,M,M,M,M
2025-03-21,M,M,0.35,M,M
2025-03-22,M,M,M,M,M
2025-03-23,M,M,M,M,M
2025-03-24,M,M,T,M,M
2025-03-25,M,M,0.11,M,M
2025-03-26,M,M,T,M,M
2025-03-27,M,M,M,M,M
2025-03-28,M,M,0.06,M,M
2025-03-29,M,M,S,M,M
2025-03-30,M,M,M,M,M
2025-03-31,M,M,2.92A,M,M
2025-04-01,M,M,T,M,M
2025-04-02,M,M,T,M,M
2025-04-03,M,M,0.58,M,M
2025-04-04,M,M,0.14,M,M
2025-04-05,M,M,T,M,M
2025-04-06,M,M,0.42,M,M
2025-04-07,M,M,T,M,M
2025-04-08,M,M,T,T,M
2025-04-09,M,M,M,T,M
2025-04-10,M,M,0.00,0.0,M
2025-04-11,M,M,M,0.2,M
2025-04-12,M,M,M,1.0,M
2025-04-13,M,M,0.20,M,M
2025-04-14,M,M,T,M,M
2025-04-15,M,M,0.01,M,M
2025-04-16,M,M,0.05,M,M
2025-04-17,M,M,T,M,M
2025-04-18,M,M,0.00,0.0,M
2025-04-19,M,M,0.00,0.0,M
2025-04-20,M,M,S,M,M
2025-04-21,M,M,M,M,M
2025-04-22,M,M,0.35A,M,M
2025-04-23,M,M,0.00,0.0,M
2025-04-24,M,M,0.00,0.0,M
2025-04-25,M,M,T,M,M
2025-04-26,M,M,0.15,M,M
2025-04-27,M,M,0.37,M,M
2025-04-28,M,M,0.04,M,M
2025-04-29,M,M,0.00,0.0,M
2025-04-30,M,M,0.35,M,M
2025-05-01,M,M,0.00,0.0,M
2025-05-02,M,M,T,M,M
2025-05-03,M,M,0.13,M,M
2025-05-04,M,M,0.42,M,M
2025-05-05,M,M,1.53,M,M
2025-05-06,M,M,1.88,M,M
2025-05-07,M,M,0.82,M,M
2025-05-08,M,M,T,M,M
2025-05-09,M,M,0.17,M,M
2025-05-10,M,M,2.02,M,M
2025-05-11,M,M,0.00,0.0,M
2025-05-12,M,M,0.00,0.0,M
2025-05-13,M,M,0.00,0.0,M
2025-05-14,M,M,0.00,0.0,M
2025-05-15,M,M,0.04,M,M
2025-05-16,M,M,0.00,0.0,M
2025-05-17,M,M,0.00,0.0,M
2025-05-18,M,M,0.02,M,M
2025-05-19,M,M,0.02,M,M
2025-05-20,M,M,0.00,0.0,M
2025-05-21,M,M,0.02,M,M
2025-05-22,M,M,0.37,M,M
2025-05-23,M,M,0.12,M,M
2025-05-24,M,M,0.25,M,M
2025-05-25,M,M,0.05,M,M
2025-05-26,M,M,0.00,0.0,M
2025-05-27,M,M,T,M,M
2025-05-28,M,M,0.00,0.0,M
2025-05-29,M,M,0.00,0.0,M
2025-05-30,M,M,0.00,0.0,M
2025-05-31,M,M,0.63,M,M
2025-06-01,M,M,1.00,M,M
2025-06-02,M,M,T,M,M
2025-06-03,M,M,0.00,0.0,M
2025-06-04,M,M,0.00,0.0,M
2025-06-05,M,M,0.00,0.0,M
2025-06-06,M,M,0.25,M,M
2025-06-07,M,M,2.45,M,M
2025-06-08,M,M,1.56,M,M
2025-06-09,M,M,0.14,M,M
2025-06-10,M,M,0.18,M,M
2025-06-11,M,M,0.24,M,M
2025-06-12,M,M,0.00,0.0,M
2025-06-13,M,M,0.00,0.0,M
2025-06-14,M,M,0.22,M,M
2025-06-15,M,M,T,M,M
2025-06-16,M,M,0.00,0.0,M
2025-06-17,M,M,0.11,M,M
2025-06-18,M,M,0.41,M,M
2025-06-19,M,M,0.02,M,M
2025-06-20,M,M,0.00,0.0,M
2025-06-21,M,M,0.00,0.0,M
2025-06-22,M,M,0.09,M,M
2025-06-23,M,M,0.00,0.0,M
2025-06-24,M,M,0.00,0.0,M
2025-06-25,M,M,0.00,0.0,M
2025-06-26,M,M,0.00,0.0,M
2025-06-27,M,M,0.08,M,M
2025-06-28,M,M,T,M,M
2025-06-29,M,M,0.02,M,M
2025-06-30,M,M,0.00,0.0,M
2025-07-01,M,M,T,M,M
2025-07-02,M,M,0.05,M,M
2025-07-03,M,M,0.00,0.0,M
2025-07-04,M,M,0.03,M,M
2025-07-05,M,M,0.00,0.0,M
2025-07-06,M,M,0.00,0.0,M
2025-07-07,M,M,T,M,M
2025-07-08,M,M,0.00,0.0,M
2025-07-09,M,M,0.09,M,M
2025-07-10,M,M,0.00,0.0,M
2025-07-11,M,M,0.00,0.0,M
2025-07-12,M,M,T,M,M
2025-07-13,M,M,0.78,M,M
2025-07-14,M,M,0.03,M,M
2025-07-15,M,M,0.15,M,M
2025-07-16,M,M,0.00,0.0,M
2025-07-17,M,M,0.01,M,M
2025-07-18,M,M,T,M,M
2025-07-19,M,M,0.00,0.0,M
2025-07-20,M,M,0.00,0.0,M
2025-07-21,M,M,0.13,M,M
2025-07-22,M,M,0.00,0.0,M
2025-07-23,M,M,0.00,0.0,M
2025-07-24,M,M,0.00,0.0,M
2025-07-25,M,M,0.00,0.0,M
2025-07-26,M,M,T,M,M
2025-07-27,M,M,0.75,M,M
2025-07-28,M,M,0.10,M,M
2025-07-29,M,M,0.00,0.0,M
2025-07-30,M,M,0.00,0.0,M
2025-07-31,M,M,0.00,0.0,M
2025-08-01,M,M,0.91,M,M
2025-08-02,M,M,0.00,0.0,M
2025-08-03,M,M,0.00,0.0,M
2025-08-04,M,M,0.00,0.0,M
2025-08-05,M,M,0.00,0.0,M
2025-08-06,M,M,0.00,0.0,M
2025-08-07,M,M,0.00,0.0,M
2025-08-08,M,M,0.00,0.0,M
2025-08-09,M,M,0.00,0.0,M
2025-08-10,M,M,0.00,0.0,M
2025-08-11,M,M,0.00,0.0,M
2025-08-12,M,M,0.00,0.0,M
2025-08-13,M,M,0.00,0.0,M
2025-08-14,M,M,0.33,M,M
2025-08-15,M,M,0.00,0.0,M
2025-08-16,M,M,0.02,M,M
2025-08-17,M,M,0.00,0.0,M
2025-08-18,M,M,0.03,M,M
2025-08-19,M,M,0.00,0.0,M
2025-08-20,M,M,0.38,M,M
2025-08-21,M,M,1.07,M,M
2025-08-22,M,M,0.00,0.0,M
2025-08-23,M,M,0.00,0.0,M
2025-08-24,M,M,0.00,0.0,M
2025-08-25,M,M,0.03,M,M
2025-08-26,M,M,0.00,0.0,M
2025-08-27,M,M,0.00,0.0,M
2025-08-28,M,M,0.00,0.0,M
2025-08-29,M,M,0.03,M,M
2025-08-30,M,M,0.05,M,M
2025-08-31,M,M,0.00,0.0,M
2025-09-01,M,M,0.00,0.0,M
2025-09-02,M,M,0.00,0.0,M
2025-09-03,M,M,0.05,M,M
2025-09-04,M,M,0.00,0.0,M
2025-09-05,M,M,0.11,M,M
2025-09-06,M,M,0.00,0.0,M
2025-09-07,M,M,0.46,M,M
2025-09-08,M,M,0.00,0.0,M
2025-09-09,M,M,0.00,0.0,M
2025-09-10,M,M,0.00,0.0,M
2025-09-11,M,M,0.00,0.0,M
2025-09-12,M,M,0.00,0.0,M
2025-09-13,M,M,0.00,0.0,M
2025-09-14,M,M,0.00,0.0,M
2025-09-15,M,M,0.00,0.0,M
2025-09-16,M,M,0.00,0.0,M
2025-09-17,M,M,0.00,0.0,M
2025-09-18,M,M,0.00,0.0,M
2025-09-19,M,M,0.00,0.0,M
2025-09-20,M,M,0.00,0.0,M
2025-09-21,M,M,0.00,0.0,M
2025-09-22,M,M,0.00,0.0,M
2025-09-23,M,M,0.00,0.0,M
2025-09-24,M,M,0.54,M,M
2025-09-25,M,M,0.65,M,M
2025-09-26,M,M,2.60,M,M
2025-09-27,M,M,0.00,0.0,M
2025-09-28,M,M,0.00,0.0,M
2025-09-29,M,M,0.00,0.0,M
2025-09-30,M,M,0.00,0.0,M
2025-10-01,M,M,0.00,0.0,M
2025-10-02,M,M,0.00,0.0,M
2025-10-03,M,M,0.00,0.0,M
2025-10-04,M,M,0.00,0.0,M
2025-10-05,M,M,0.00,0.0,M
2025-10-06,M,M,0.00,0.0,M
2025-10-07,M,M,0.00,0.0,M
2025-10-08,M,M,1.00,M,M
2025-10-09,M,M,0.31,M,M
2025-10-10,M,M,0.00,0.0,M
2025-10-11,M,M,0.00,0.0,M
2025-10-12,M,M,0.00,0.0,M
2025-10-13,M,M,0.35,M,M
2025-10-14,M,M,1.50,M,M
2025-10-15,M,M,0.02,M,M
2025-10-16,M,M,0.00,0.0,M
2025-10-17,M,M,0.00,0.0,M
2025-10-18,M,M,0.00,0.0,M
2025-10-19,M,M,0.00,0.0,M
2025-10-20,M,M,0.12,M,M
2025-10-21,M,M,0.13,M,M
2025-10-22,M,M,0.00,0.0,M
2025-10-23,M,M,0.03,M,M
2025-10-24,M,M,0.01,M,M
2025-10-25,M,M,0.03,M,M
2025-10-26,M,M,0.00,0.0,M
2025-10-27,M,M,0.00,0.0,M
2025-10-28,M,M,0.00,0.0,M
2025-10-29,M,M,0.00,0.0,M
2025-10-30,M,M,0.02,M,M
2025-10-31,M,M,1.67,M,M
2025-11-01,M,M,0.03,M,M
2025-11-02,M,M,0.00,0.0,M
2025-11-03,M,M,0.00,0.0,M
2025-11-04,M,M,0.21,M,M
2025-11-05,M,M,0.00,0.0,M
2025-11-06,M,M,0.16,M,M
2025-11-07,M,M,T,M,M
2025-11-08,M,M,T,0.0,M
2025-11-09,M,M,0.15,M,M
2025-11-10,M,M,0.51,M,M
2025-11-11,M,M,M,0.5,M
2025-11-12,M,M,T,M,M
2025-11-13,M,M,0.32,M,M
2025-11-14,M,M,M,M,M
2025-11-15,M,M,M,M,M
2025-11-16,M,M,M,M,M
2025-11-17,M,M,M,0.5,M
2025-11-18,M,M,M,M,M
2025-11-19,M,M,M,M,M
2025-11-20,M,M,M,M,M
2025-11-21,M,M,M,M,M
2025-11-22,M,M,M,M,M
2025-11-23,M,M,M,M,M
2025-11-24,M,M,M,M,M
2025-11-25,M,M,M,M,M
2025-11-26,M,M,M,M,M
2025-11-27,M,M,M,M,M
2025-11-28,M,M,M,M,M
2025-11-29,M,M,M,M,M
2025-11-30,M,M,M,M,M
2025-12-01,M,M,M,M,M
2025-12-02,M,M,M,M,M
2025-12-03,M,M,M,7.5,M
2025-12-04,M,M,M,M,M
2025-12-05,M,M,M,M,M
2025-12-06,M,M,M,M,M
2025-12-07,M,M,M,M,M
2025-12-08,M,M,M,M,M
2025-12-09,M,M,M,M,M
2025-12-10,M,M,M,M,M
2025-12-11,M,M,M,M,M
2025-12-12,M,M,M,M,M
2025-12-13,M,M,M,M,M
2025-12-14,M,M,M,M,M
2025-12-15,M,M,M,M,M
2025-12-16,M,M,M,M,M
2025-12-17,M,M,M,M,M
2025-12-18,M,M,M,M,M
2025-12-19,M,M,M,M,M
2025-12-20,M,M,M,M,M
2025-12-21,M,M,M,M,M
2025-12-22,M,M,M,M,M
2025-12-23,M,M,M,M,M
2025-12-24,M,M,M,M,M
2025-12-25,M,M,M,M,M
2025-12-26,M,M,M,M,M
2025-12-27,M,M,M,M,M
2025-12-28,M,M,M,M,M
2025-12-29,M,M,M,M,M
2025-12-30,M,M,M,M,M
2025-12-31,M,M,M,M,M
2026-01-01,M,M,M,M,M
2026-01-02,M,M,M,M,M
2026-01-03,M,M,M,M,M
2026-01-04,M,M,M,M,M
2026-01-05,M,M,M,M,M
2026-01-06,M,M,M,M,M
2026-01-07,M,M,M,M,M
2026-01-08,M,M,M,M,M
2026-01-09,M,M,M,M,M
2026-01-10,M,M,M,M,M
2026-01-11,M,M,M,M,M
2026-01-12,M,M,M,M,M
2026-01-13,M,M,M,M,M
2026-01-14,M,M,M,M,M
2026-01-15,M,M,M,M,M
2026-01-16,M,M,M,M,M
2026-01-17,M,M,M,M,M
2026-01-18,M,M,M,M,M
2026-01-19,M,M,M,M,M
2026-01-20,M,M,M,M,M
2026-01-21,M,M,M,M,M
2026-01-22,M,M,M,M,M
2026-01-23,M,M,M,M,M
2026-01-24,M,M,M,M,M
2026-01-25,M,M,M,9.0,M
2026-01-26,M,M,M,3.0,M
2026-01-27,M,M,M,M,M
2026-01-28,M,M,M,M,M
2026-01-29,M,M,M,M,M
2026-01-30,M,M,M,M,M
2026-01-31,M,M,M,M,M
2026-02-01,M,M,M,M,M
2026-02-02,M,M,M,M,M
2026-02-03,M,M,M,M,M
2026-02-04,M,M,M,M,M
2026-02-05,M,M,M,M,M
2026-02-06,M,M,M,M,M
2026-02-07,M,M,M,M,M
2026-02-08,M,M,M,M,M
2026-02-09,M,M,M,M,M
2026-02-10,M,M,M,M,M
2026-02-11,M,M,M,M,M
2026-02-12,M,M,M,M,M
2026-02-13,M,M,M,M,M
2026-02-14,M,M,M,M,M
2026-02-15,M,M,M,M,M
2026-02-16,M,M,M,M,M
2026-02-17,M,M,M,M,M
2026-02-18,M,M,M,M,M
2026-02-19,M,M,M,M,M
2026-02-20,M,M,M,M,M
2026-02-21,M,M,M,M,M
2026-02-22,M,M,M,M,M
2026-02-23,M,M,M,M,M
2026-02-24,M,M,M,M,M
2026-02-25,M,M,M,M,M
2026-02-26,M,M,M,M,M
2026-02-27,M,M,M,M,M
2026-02-28,M,M,M,M,M
2026-03-01,M,M,M,M,M
2026-03-02,M,M,M,M,M
2026-03-03,M,M,M,M,M
2026-03-04,M,M,M,M,M
2026-03-05,M,M,M,M,M
2026-03-06,M,M,M,M,M
2026-03-07,M,M,M,M,M
2026-03-08,M,M,M,M,M
2026-03-09,M,M,M,M,M
2026-03-10,M,M,M,M,M
2026-03-11,M,M,M,M,M
2026-03-12,M,M,M,M,M
2026-03-13,M,M,M,M,M
2026-03-14,M,M,M,M,M
2026-03-15,M,M,M,M,M
2026-03-16,M,M,M,M,M
2026-03-17,M,M,M,M,M
2026-03-18,M,M,M,M,M
2026-03-19,M,M,M,M,M
2026-03-20,M,M,M,M,M
2026-03-21,M,M,M,M,M
2026-03-22,M,M,M,M,M
2026-03-23,M,M,M,M,M
2026-03-24,M,M,M,M,M
2026-03-25,M,M,M,M,M
2026-03-26,M,M,M,M,M
2026-03-27,M,M,M,M,M
2026-03-28,M,M,M,M,M
2026-03-29,M,M,M,M,M
2026-03-30,M,M,M,M,M
2026-03-31,M,M,M,M,M
2026-04-01,M,M,M,M,M
2026-04-02,M,M,M,M,M
2026-04-03,M,M,0.27,M,M
2026-04-04,M,M,0.05,M,M
2026-04-05,M,M,T,M,M
2026-04-06,M,M,0.17,M,M
2026-04-07,M,M,M,1.0,M
2026-04-08,M,M,0.00,0.0,M
2026-04-09,M,M,0.00,0.0,M
2026-04-10,M,M,0.00,0.0,M
2026-04-11,M,M,0.10,M,M
2026-04-12,M,M,0.00,0.0,M
2026-04-13,M,M,0.10,M,M
2026-04-14,M,M,0.11,M,M
2026-04-15,M,M,0.00,0.0,M
2026-04-16,M,M,0.26,M,M
2026-04-17,M,M,0.00,0.0,M
2026-04-18,M,M,0.15,M,M
2026-04-19,M,M,0.21,M,M
2026-04-20,M,M,0.14,M,M
2026-04-21,M,M,0.00,0.0,M
2026-04-22,M,M,T,M,M
2026-04-23,M,M,0.00,0.0,M
2026-04-24,M,M,0.00,0.0,M
2026-04-25,M,M,0.00,0.0,M
2026-04-26,M,M,0.19,M,M
2026-04-27,M,M,0.00,0.0,M
2026-04-28,M,M,0.00,0.0,M
2026-04-29,M,M,0.00,0.0,M
2026-04-30,M,M,0.34,M,M
2026-05-01,M,M,0.03,M,M
2026-05-02,M,M,0.09,M,M
2026-05-03,M,M,0.00,0.0,M
2026-05-04,M,M,0.00,0.0,M
2026-05-05,M,M,T,M,M
2026-05-06,M,M,T,M,M
2026-05-07,M,M,T,M,M
2026-05-08,M,M,S,0.0,M
2026-05-09,M,M,M,M,M
2026-05-10,M,M,0.30A,M,M
2026-05-11,M,M,0.00,0.0,M
2026-05-12,M,M,0.00,0.0,M
2026-05-13,M,M,S,M,M
2026-05-14,M,M,M,M,M
2026-05-15,M,M,3.60A,M,M
2026-05-16,M,M,S,M,M
2026-05-17,M,M,0.02A,M,M
2026-05-18,M,M,0.00,0.0,M
2026-05-19,M,M,0.00,0.0,M
2026-05-20,M,M,0.02,M,M
2026-05-21,M,M,0.00,0.0,M
2026-05-22,M,M,0.00,0.0,M
2026-05-23,M,M,0.00,0.0,M
2026-05-24,M,M,0.34,M,M
2026-05-25,M,M,0.41,M,M
2026-05-26,M,M,T,M,M
2026-05-27,M,M,0.00,0.0,M
2026-05-28,M,M,0.00,0.0,M
2026-05-29,M,M,0.21,M,M
2026-05-30,M,M,0.16,M,M
2026-05-31,M,M,0.00,0.0,M
2026-06-01,M,M,0.00,0.0,M
2026-06-02,M,M,0.00,0.0,M
2026-06-03,M,M,0.00,0.0,M
2026-06-04,M,M,0.00,0.0,M
2026-06-05,M,M,0.00,0.0,M
2026-06-06,M,M,0.00,0.0,M
2026-06-07,M,M,0.00,0.0,M
2026-06-08,M,M,0.16,M,M
2026-06-09,M,M,0.00,0.0,M
2026-06-10,M,M,0.00,0.0,M
2026-06-11,M,M,0.12,M,M
2026-06-12,M,M,0.00,0.0,M
2026-06-13,M,M,0.03,M,M
2026-06-14,M,M,0.00,0.0,M
2026-06-15,M,M,S,M,M
2026-06-16,M,M,M,M,M
2026-06-17,M,M,1.58A,M,M
2026-06-18,M,M,0.05,M,M
2026-06-19,M,M,0.27,M,M
2026-06-20,M,M,0.00,0.0,M
2026-06-21,M,M,0.00,0.0,M
2026-06-22,M,M,0.00,0.0,M
2026-06-23,M,M,0.86,M,M
2026-06-24,M,M,0.00,0.0,M
2026-06-25,M,M,0.00,0.0,M
2026-06-26,M,M,0.27,M,M
2026-06-27,M,M,T,M,M
2026-06-28,M,M,0.00,0.0,M
2026-06-29,M,M,0.00,0.0,M
2026-06-30,M,M,0.00,0.0,M
2026-07-01,M,M,0.88,M,M
2026-07-02,M,M,T,M,M
2026-07-03,M,M,0.00,M,M
2026-07-04,M,M,S,M,M
2026-07-05,M,M,M,M,M
2026-07-06,M,M,M,M,M
2026-07-07,M,M,0.50A,M,M
2026-07-08,M,M,0.38,M,M
2026-07-09,M,M,0.00,0.0,M
2026-07-10,M,M,0.00,0.0,M
2026-07-11,M,M,0.00,0.0,M
2026-07-12,M,M,0.00,0.0,M
2026-07-13,M,M,0.00,0.0,M
2026-07-14,M,M,0.00,0.0,M
2026-07-15,M,M,0.00,0.0,M
2026-07-16,M,M,0.00,0.0,M
2026-07-17,M,M,0.00,0.0,M
2026-07-18,M,M,0.00,0.0,M
2026-07-19,M,M,0.25,M,M
2026-07-20,M,M,0.00,0.0,M
2026-07-21,M,M,0.00,0.0,M
2026-07-22,M,M,0.23,M,M
2026-07-23,M,M,0.09,M,M
2026-07-24,M,M,0.00,0.0,M
2026-07-25,M,M,0.00,0.0,M
2026-07-26,M,M,0.00,0.0,M
2026-07-27,M,M,0.00,0.0,M
2026-07-28,M,M,0.00,0.0,M
2026-07-29,M,M,3.98,M,M
2026-07-30,M,M,2.30,M,M
2026-07-31,M,M,0.13,M,M
2026-08-01,M,M,0.00,0.0,M
2026-08-02,M,M,0.00,0.0,M
2026-08-03,M,M,0.41,M,M
2026-08-04,M,M,0.00,0.0,M
2026-08-05,M,M,0.00,0.0,M
2026-08-06,M,M,0.00,0.0,M
2026-08-07,M,M,0.79,M,M
2026-08-08,M,M,0.66,M,M
2026-08-09,M,M,0.22,M,M
2026-08-10,M,M,0.00,0.0,M
2026-08-11,M,M,0.11,M,M
2026-08-12,M,M,0.00,0.0,M
2026-08-13,M,M,0.02,M,M
2026-08-14,M,M,0.00,0.0,M
2026-08-15,M,M,0.00,0.0,M
2026-08-16,M,M,0.00,0.0,M
2026-08-17,M,M,0.08,M,M
2026-08-18,M,M,0.01,M,M
2026-08-19,M,M,0.00,0.0,M
2026-08-20,M,M,0.00,0.0,M
2026-08-21,M,M,0.23,M,M
2026-08-22,M,M,0.00,0.0,M
2026-08-23,M,M,0.02,M,M
2026-08-24,M,M,S,M,M
2026-08-25,M,M,M,M,M
2026-08-26,M,M,M,M,M
2026-08-27,M,M,0.25A,M,M
2026-08-28,M,M,0.46,M,M
2026-08-29,M,M,0.00,0.0,M
2026-08-30,M,M,0.00,0.0,M
2026-08-31,M,M,0.02,M,M
2026-09-01,M,M,0.36,M,M
2026-09-02,M,M,M,0.0,M
2026-09-03,M,M,0.63,M,M
2026-09-04,M,M,0.00,0.0,M
2026-09-05,M,M,0.00,0.0,M
2026-09-06,M,M,T,M,M
2026-09-07,M,M,0.00,0.0,M
2026-09-08,M,M,0.00,0.0,M
2026-09-09,M,M,0.00,0.0,M
2026-09-10,M,M,M,0.0,M
2026-09-11,M,M,0.00,0.0,M
2026-09-12,M,M,0.00,0.0,M
2026-09-13,M,M,S,M,M
2026-09-14,M,M,1.13A,M,M
2026-09-15,M,M,0.00,0.0,M
2026-09-16,M,M,0.00,0.0,M
2026-09-17,M,M,0.00,0.0,M
2026-09-18,M,M,0.36,M,M
2026-09-19,M,M,0.00,0.0,M
2026-09-20,M,M,S,M,M
2026-09-21,M,M,0.33A,M,M
